id_proposicao,casa,nome,ano,ementa,url
16526,camara,PL 1292/1995,1995,"Altera a lei nº 8.666, de 21 de junho de 1993, que regulamenta o art. 37, inciso XXI, da Constituição Federal, institui normas para licitações e contratos da Administração Pública e dá outras providências.

NOVA EMENTA: Estabelece normas gerais de licitação e contratação para as administrações públicas diretas, autárquicas e fundacionais da União, dos Estados, do Distrito Federal e dos Municípios; altera as Leis nºs 13.105, de 16 de março de 2015 (Código de Processo Civil), 8.987, de 13 de fevereiro de 1995, e 11.079, de 30 de dezembro de 2004, e o Decreto-Lei nº 2.848, de 7 de dezembro de 1940 (Código Penal); e revoga dispositivos da Lei nº 12.462, de 4 de agosto de 2011, e as Leis nºs 8.666, de 21 de junho de 1993, e 10.520, de 17 de julho de 2002.",https://dadosabertos.camara.leg.br/api/v2/proposicoes/16526
28692,camara,PL 4742/2001,2001,"Introduz art. 146-A no Código Penal Brasileiro - Decreto-lei nº 2.848, de 07 de dezembro de 1940, dispondo sobre o crime de assédio moral no trabalho.

NOVA EMENTA: Altera o Decreto-Lei nº 2.848, de 7 de dezembro de 1940 (Código Penal), para tipificar o assédio moral.",https://dadosabertos.camara.leg.br/api/v2/proposicoes/28692
358126,camara,PL 1481/2007,2007,"Altera a Lei nº 9.394, de 20 de dezembro de 1996, e a Lei nº 9.998, de 17 de agosto de 2000, para dispor sobre o acesso a redes digitais de informação em estabelecimentos de ensino.

NOVA EMENTA: Altera as Leis nºs 9.472, de 16 de julho de 1997, e 9.998, de 17 de agosto de 2000, para dispor sobre a finalidade, a destinação dos recursos, a administração e os objetivos do Fundo de Universalização dos Serviços de Telecomunicações (Fust).",https://dadosabertos.camara.leg.br/api/v2/proposicoes/358126
516111,camara,PEC 70/2011,2011,Altera o procedimento de apreciação das medidas provisórias pelo Congresso Nacional.,https://dadosabertos.camara.leg.br/api/v2/proposicoes/516111
946494,camara,PEC 2/2015,2015,"Altera o art. 166 da Constituição Federal, para tornar obrigatória a execução da programação orçamentária que especifica. 

NOVA EMENTA: Altera os arts. 165 e 166 da Constituição Federal, parar tornar obrigatória a execução da programação orçamentária que especifica.",https://dadosabertos.camara.leg.br/api/v2/proposicoes/946494
1672576,camara,PL 2724/2015,2015,"Modifica o artigo 181 da Lei nº 7.565, de 19 de dezembro de 1986.

NOVA EMENTA: Altera as Leis nºs 6.009, de 26 de dezembro de 1973; 7.565, de 19 de dezembro de 1986; 9.610, de 19 de fevereiro de 1998; 11.771, de 17 de setembro de 2008; 12.462, de 4 de agosto de 2011; 13.097, de 19 de janeiro de 2015, e 13.146, de 6 de julho de 2015, para promover a modernização do turismo no Brasil; e revoga dispositivos da Lei nº 12.974, de 15 de maio de 2014, e a Lei nº 6.513, de 20 de dezembro de 1977.",https://dadosabertos.camara.leg.br/api/v2/proposicoes/1672576
2075448,camara,PL 4067/2015,2015,"Institui o Exame Nacional de Revalidação de Diplomas Médicos Expedidos por Universidades Estrangeiras (Revalida).

NOVA EMENTA: Institui o Exame Nacional de Revalidação de Diplomas Médicos Expedidos por Instituição de Educação Superior Estrangeira (Revalida).",https://dadosabertos.camara.leg.br/api/v2/proposicoes/2075448
2082511,camara,PL 5082/2016,2016,"Cria a via societária, e estabelece procedimentos de governança e de natureza tributárias, para modernização do futebol, e dá outras providências.

NOVA EMENTA: Dispõe sobre o clube-empresa, o Regime Especial de Tributação de Entidades de Prática Desportiva Profissionais de Futebol (Simples-Fut), as condições especiais para quitação acelerada de débitos das entidades desportivas profissionais de futebol, o parcelamento especial de débitos das entidades desportivas profissionais de futebol perante a União, a recuperação judicial do clube-empresa, a cessão e denominação dos símbolos e o Regime Centralizado de Execução na Justiça do Trabalho; altera as Leis nºs 9.615, de 24 de março de 1998, 11.438, de 29 de dezembro de 2006, e 13.155, de 4 de agosto de 2015; e dá outras providências.",https://dadosabertos.camara.leg.br/api/v2/proposicoes/2082511
2083376,camara,PDC 379/2016,2016,"Aprova o texto do Acordo de Cooperação Educacional entre o Governo da República Federativa do Brasil e o Governo da Federação de São Cristóvão e Névis, assinado em Brasília, em 26 de abril de 2010.",https://dadosabertos.camara.leg.br/api/v2/proposicoes/2083376
2136580,camara,PL 7596/2017,2017,"Dispõe sobre os crimes de abuso de autoridade e altera a Lei nº 7.960, de 21 de dezembro de 1989, a Lei nº 9.296, de 24 de julho de 1996, a Lei nº 8.069, de 13 de julho de 1990, e a Lei nº 8.906, de 4 de julho de 1994.

NOVA EMENTA: Dispõe sobre os crimes de abuso de autoridade; altera a Lei nº 7.960, de 21 de dezembro de 1989, a Lei nº 9.296, de 24 de julho de 1996, a Lei nº 8.069, de 13 de julho de 1990, e a Lei nº 8.906, de 4 de julho de 1994; e revoga a Lei nº 4.898, de 9 de dezembro de 1965, e dispositivos do Decreto-Lei nº 2.848, de 7 de dezembro de 1940 (Código Penal).",https://dadosabertos.camara.leg.br/api/v2/proposicoes/2136580
2147241,camara,PL 8240/2017,2017,"Altera a Lei nº 13.364, de 29 de novembro de 2016, para incluir o laço, bem como as respectivas expressões artísticas e esportivas, como manifestação cultural nacional e elevar essas atividades à condição de bem de natureza imaterial integrante do patrimônio cultural brasileiro e para dispor sobre as modalidades esportivas equestres tradicionais e sobre a proteção ao bem-estar animal.",https://dadosabertos.camara.leg.br/api/v2/proposicoes/2147241
2158536,camara,REQ 7516/2017,2017,"Requer a urgência para a tramitação do Projeto de Lei N. 8.240/2017, de autoria do Senador Raimundo Lira.",https://dadosabertos.camara.leg.br/api/v2/proposicoes/2158536
2158716,camara,PEC 372/2017,2017,"Altera o inciso XIV do art. 21, o § 4º do art. 32 e o art. 144 da Constituição Federal para criar as polícias penais federal, estaduais e distrital.",https://dadosabertos.camara.leg.br/api/v2/proposicoes/2158716
2160860,camara,PLP 441/2017,2017,"Altera a Lei Complementar nº 105, de 10 de janeiro de 2001, e a Lei nº 12.414, de 9 de junho de 2011, para dispor sobre os cadastros positivos de crédito e regular a responsabilidade civil dos operadores.",https://dadosabertos.camara.leg.br/api/v2/proposicoes/2160860
2163986,camara,REQ 7809/2017,2017,"Requeremos nos termos do artigo 155 do RICD, urgência para apreciação do Projeto de Lei nº 7.789/17, do André Amaral (PMDB/PB), que Institui a Po!itica Nacional de Desfazimento e Recondicionamento de Equipamentos Eletroeletrônicos, dispõe sobre o Programa Computadores para Inclusão e dá outras providências.",https://dadosabertos.camara.leg.br/api/v2/proposicoes/2163986
2164719,camara,REQ 7844/2017,2017,"Requer urgência para a tramitação do Projeto de Lei n. 7843 de 2017, que "" Institui regras e instrumentos para a eficiência pública.""",https://dadosabertos.camara.leg.br/api/v2/proposicoes/2164719
2165194,camara,PEC 391/2017,2017,Altera o art. 159 da Constituição Federal para disciplinar a distribuição de recursos pela União ao Fundo de Participação dos Municípios.,https://dadosabertos.camara.leg.br/api/v2/proposicoes/2165194
2166600,camara,PLP 461/2017,2017,"Dispõe sobre o padrão nacional de obrigação acessória do Imposto Sobre Serviços de Qualquer Natureza (ISSQN), de competência dos Municípios e do Distrito Federal, incidente sobre os serviços descritos nos subitens 4.22, 4.23, 5.09, 10.04, 15.01 e 15.09 da lista de serviços anexa à Lei Complementar nº 116, de 31 de julho de 2003.

NOVA EMENTA: Dispõe sobre o Imposto Sobre Serviços de Qualquer Natureza (ISSQN), de competência dos Municípios e do Distrito Federal, incidente sobre os serviços previstos nos subitens 4.22, 4.23, 5.09, 15.01 e 15.09 da lista de serviços anexa à Lei Complementar nº 116, de 31 de julho de 2003; institui o Comitê Gestor das Obrigações Acessórias do Imposto Sobre Serviços de Qualquer Natureza (CGOA); e altera a referida Lei Complementar.",https://dadosabertos.camara.leg.br/api/v2/proposicoes/2166600
2178170,camara,PL 10372/2018,2018,"Introduz modificações na legislação penal e processual penal para aperfeiçoar o combate ao crime organizado, aos delitos de tráfico de drogas, tráfico de armas e milícia privada, aos crimes cometidos com violência ou grave ameaça e crimes hediondos, bem como para agilizar e modernizar a investigação criminal e a persecução penal.",https://dadosabertos.camara.leg.br/api/v2/proposicoes/2178170
2179189,camara,PL 10431/2018,2018,"Dispõe sobre o cumprimento de sanções impostas por resoluções do Conselho de Segurança das Nações Unidas, incluída a indisponibilidade de ativos de pessoas naturais e jurídicas e de entidades, e a designação nacional de pessoas investigadas ou acusadas de terrorismo, seu financiamento ou atos correlacionados.

NOVA EMENTA: Dispõe sobre o cumprimento de sanções impostas por resoluções do Conselho de Segurança das Nações Unidas, incluída a indisponibilidade de ativos de pessoas naturais e jurídicas e de entidades, e a designação nacional de pessoas investigadas ou acusadas de terrorismo, de seu financiamento ou de atos a ele correlacionados; e revoga a Lei nº 13.170, de 16 de outubro de 2015.",https://dadosabertos.camara.leg.br/api/v2/proposicoes/2179189
2183943,camara,MPV 852/2018,2018,"Dispõe sobre a transferência de imóveis do Fundo do Regime Geral de Previdência Social para a União, sobre a administração, a alienação e a gestão dos imóveis da extinta Rede Ferroviária Federal S.A. - RFFSA, extingue o Fundo Contingente da Extinta RFFSA - FC e dispõe sobre a gestão dos imóveis da União.

NOVA EMENTA: Dispõe sobre a transferência de imóveis do Fundo do Regime Geral de Previdência Social para a União, sobre a administração, a alienação e a gestão dos imóveis da extinta Rede Ferroviária Federal S.A. (RFFSA) e sobre a gestão dos imóveis da União; extingue o Fundo Contingente da Extinta RFFSA (FC); altera as Leis nºs 9.497, de 11 de setembro de 1997, 9.636, de 15 de maio de 1998, 11.481, de 31 de maio de 2007, 11.483, de 31 de maio de 2007, 13.240, de 30 de dezembro de 2015, e 10.233, de 5 de junho de 2001, e o Decreto-Lei nº 1.876, de 15 de julho de 1981; revoga dispositivos das Leis nºs 8.742, de 7 de dezembro de 1993, e 9.649, de 27 de maio de 1998; e dá outras providências.",https://dadosabertos.camara.leg.br/api/v2/proposicoes/2183943
2186621,camara,PL 10985/2018,2018,"Altera a Lei nº 9.427, de 26 de dezembro de 1996, para estabelecer multa a ser paga aos usuários do serviço de energia elétrica, a Lei nº 13.203, de 8 de dezembro de 2015, para estabelecer novas condições para a repactuação do risco hidrológico de geração de energia elétrica, a Lei nº 11.909, de 4 de março de 2009, para criar o Fundo de Expansão dos Gasodutos de Transporte e de Escoamento da Produção (Brasduto), a Lei nº 12.351, de 22 de dezembro de 2010, para dispor sobre a destinação da receita advinda da comercialização do petróleo, do gás natural e de outros hidrocarbonetos fluidos destinados à União, e a Lei nº 12.783, de 11 de janeiro de 2013, para reduzir o prazo para solicitação de prorrogação de concessões de que trata essa Lei.",https://dadosabertos.camara.leg.br/api/v2/proposicoes/2186621
2187087,camara,PL 5029/2019,2019,"Dispõe sobre a remuneração recebida por funcionário de partido político com recursos do fundo partidário e dá outras providências.

NOVA EMENTA: Altera as Leis n°s 9.096, de 19 de setembro de 1995, 9.504, de 30 setembro de 1997, 4.737, de 15 de julho de 1965 (Código Eleitoral), 13.831, de 17 de maio de 2019, e a Consolidação das Leis do Trabalho, aprovada pelo Decreto-Lei nº 5.452, de 1º de maio de 1943, para dispor sobre regras aplicadas às eleições; revoga dispositivo da Lei nº 13.488, de 6 de outubro de 2017; e dá outras providências.",https://dadosabertos.camara.leg.br/api/v2/proposicoes/2187087
2188301,camara,MPV 861/2018,2018,"Dispõe sobre a transferência, da União para o Distrito Federal, da Junta Comercial do Distrito Federal e das atividades de registro público de empresas mercantis e atividades afins no Distrito Federal e altera a Lei nº 8.934, de 18 de novembro de 1994, que dispõe sobre o Registro Público de Empresas Mercantis e Atividades fins.",https://dadosabertos.camara.leg.br/api/v2/proposicoes/2188301
2189858,camara,MPV 863/2018,2018,"Altera a Lei nº 7.565, de 19 de dezembro de 1986, que dispõe sobre o Código Brasileiro de Aeronáutica.

NOVA EMENTA: Altera a Lei nº 7.565, de 19 de dezembro de 1986 (Código Brasileiro de Aeronáutica).",https://dadosabertos.camara.leg.br/api/v2/proposicoes/2189858
2190190,camara,MPV 866/2018,2018,"Autoriza a criação da empresa pública NAV Brasil Serviços de Navegação Aérea S.A.

NOVA EMENTA: Autoriza a criação da empresa pública NAV Brasil Serviços de Navegação Aérea S.A. (NAV Brasil) e altera as Leis nºs 7.783, de 28 de junho de 1989, e 6.009, de 26 de dezembro de 1973.",https://dadosabertos.camara.leg.br/api/v2/proposicoes/2190190
2190237,camara,MPV 867/2018,2018,"Altera a Lei nº 12.651, de 25 de maio de 2012, para dispor sobre a extensão do prazo para adesão ao Programa de Regularização Ambiental.

NOVA EMENTA: Altera a Lei nº 12.651, de 25 de maio de 2012, para dispor sobre o Programa de Regularização Ambiental e o Cadastro Ambiental Rural.",https://dadosabertos.camara.leg.br/api/v2/proposicoes/2190237
2190288,camara,MPV 870/2019,2019,"Estabelece a organização básica dos órgãos da Presidência da República e dos Ministérios.

NOVA EMENTA: Estabelece a organização básica dos órgãos da Presidência da República e dos Ministérios; altera as Leis nºs 13.334, de 13 de setembro de 2016, 9.069, de 29 de junho de 1995, 11.457, de 16 de março de 2007, 9.984, de 17 de julho de 2000, 9.433, de 8 de janeiro de 1997, 8.001, de 13 de março de 1990, 11.952, de 25 de junho de 2009, 10.559, de 13 de novembro de 2002, 11.440, de 29 de dezembro de 2006, 9.613, de 3 de março de 1998, 11.473, de 10 de maio de 2007, e 13.346, de 10 de outubro de 2016; e revoga dispositivos das Leis nºs 10.233, de 5 de junho de 2001, e 11.284, de 2 de março de 2006, e a Lei nº 13.502, de 1º de novembro de 2017.",https://dadosabertos.camara.leg.br/api/v2/proposicoes/2190288
2190355,camara,MPV 871/2019,2019,"Institui o Programa Especial para Análise de Benefícios com Indícios de Irregularidade, o Programa de Revisão de Benefícios por Incapacidade, o Bônus de Desempenho Institucional por Análise de Benefícios com Indícios de Irregularidade do Monitoramento Operacional de Benefícios e o Bônus de Desempenho Institucional por Perícia Médica em Benefícios por Incapacidade, e dá outras providências.

NOVA EMENTA: Institui o Programa Especial para Análise de Benefícios com Indícios de Irregularidade, o Programa de Revisão de Benefícios por Incapacidade, o Bônus de Desempenho Institucional por Análise de Benefícios com Indícios de
Irregularidade do Monitoramento Operacional de Benefícios e o Bônus de Desempenho Institucional por Perícia Médica em Benefícios por Incapacidade; altera as Leis nºs 6.015, de 31 de dezembro de 1973, 7.783, de 28 de junho de 1989, 8.112, de 11 de dezembro de 1990, 8.212, de 24 de julho de 1991, 8.213, de 24 de julho de 1991, 8.742, de 7 de dezembro de 1993, 9.620, de 2 de abril de 1998, 9.717, de 27 de novembro de 1998, 9.796, de 5 de maio de 1999, 10.855, de 1º de abril de 2004, 10.876, de 2 de junho de 2004, 10.887, de 18 de junho de 2004, 11.481, de 31 de maio de 2007, e 11.907, de 2 de fevereiro de 2009; e revoga dispositivo da Lei nº 10.666, de 8 de maio de 2003, e a Lei nº 11.720, de 20 de junho de 2008.",https://dadosabertos.camara.leg.br/api/v2/proposicoes/2190355
2190880,camara,PDL 3/2019,2019,"Susta a aplicação do Decreto nº 9.690, de 23 de janeiro de 2019, no que diz respeito à delegação da competência de classificação de informações públicas nos graus de sigilo ultrassecreto ou secreto.

NOVA EMENTA: Susta a aplicação do Decreto nº 7.724, de 16 de maio de 2012, no que diz respeito à delegação da competência de classificação de informações públicas nos graus de sigilo ultrassecreto ou secreto.",https://dadosabertos.camara.leg.br/api/v2/proposicoes/2190880
2192300,camara,REQ 482/2019,2019,"Com base no art. 155 do Regimento Interno, requeremos regime de urgência para a apreciação do Projeto de Decreto Legislativo n° 3, de 2019.",https://dadosabertos.camara.leg.br/api/v2/proposicoes/2192300
2192459,camara,PEC 6/2019,2019,"Modifica o sistema de previdência social, estabelece regras de transição e disposições transitórias, e dá outras providências.",https://dadosabertos.camara.leg.br/api/v2/proposicoes/2192459
2193540,camara,PL 1321/2019,2019,"Altera a Lei nº 9.096, de 19 de setembro de 1995, que dispõe sobre partidos políticos, regulamenta os arts. 17 e 14, § 3º, inciso V, da Constituição Federal, a fim de dispor sobre a autonomia dos partidos políticos para definir o prazo de duração dos mandatos dos membros dos seus órgãos partidários permanentes ou provisórios.

NOVA EMENTA: Altera a Lei nº 9.096, de 19 de setembro de 1995 (Lei dos Partidos Políticos), a fim de assegurar autonomia aos partidos políticos para definir o prazo de duração dos mandatos dos membros dos seus órgãos partidários permanentes ou provisórios; e dá outras providências.",https://dadosabertos.camara.leg.br/api/v2/proposicoes/2193540
2193564,camara,PLP 55/2019,2019,"Altera a Lei Complementar 160 de 07 de agosto de 2017 permitindo que convênios específicos relacionados a Lei Complementar 160/17 destinados a associações beneficentes e entidades religiosas de qualquer culto possam ser renovados pelo prazo de 15 anos.

NOVA EMENTA: Altera a Lei Complementar nº 160, de 7 de agosto de 2017, para permitir a prorrogação, por até 15 (quinze) anos, das isenções, dos incentivos e dos benefícios fiscais ou financeiro-fiscais vinculados ao Imposto sobre Operações Relativas à Circulação de Mercadorias e sobre Prestações de Serviços de Transporte Interestadual e Intermunicipal e de Comunicação (ICMS) e destinados a templos de qualquer culto e a entidades beneficentes de assistência social.",https://dadosabertos.camara.leg.br/api/v2/proposicoes/2193564
2193696,camara,PLN 2/2019,2019,"Altera o Anexo V à Lei nº 13.808, de 15 de janeiro de 2019, que estima a receita e fixa a despesa da União para o exercício financeiro de 2019.",https://dadosabertos.camara.leg.br/api/v2/proposicoes/2193696
2194124,camara,PLN 4/2019,2019,"Abre aos Orçamentos Fiscal e da Seguridade Social da União, em favor dos Ministérios da Economia e da Cidadania, de Encargos Financeiros da União e de Operações Oficiais de Crédito, crédito suplementar no valor de R$ 248.915.621.661,00, para reforço de dotações constantes da Lei Orçamentária vigente.",https://dadosabertos.camara.leg.br/api/v2/proposicoes/2194124
2194357,camara,REQ 829/2019,2019,"Requer, nos termos do art. 155, seja incluído automaticamente na Ordem do Dia o Projeto de Lei nº 888, de 2019, que ""dá nova redação ao §6º do art. 4o e acrescenta o artigo 11 à Lei no 10.931, de 2 de agosto de 2004 que trata de patrimônio de afetação de incorporações imobiliárias; dá nova redação ao art. 2º e acrescenta o art. 2º-A à Lei 12.024, de 27 de agosto de 2009 que dispõe sobre o tratamento tributário a ser dado às receitas mensais auferidas pelas empresas construtoras nos contratos de construção de moradias firmados dentro do Programa Minha Casa, Minha Vida - PMCMV"".",https://dadosabertos.camara.leg.br/api/v2/proposicoes/2194357
2194540,camara,REQ 844/2019,2019,"Requer urgência, nos termos do art. 155 do Regimento Interno da Câmara dos Deputados para apreciação do PLP 55/ 2019",https://dadosabertos.camara.leg.br/api/v2/proposicoes/2194540
2197160,camara,PEC 34/2019,2019,Altera os arts. 165 e 166 da Constituição Federal para tornar obrigatória a execução da programação orçamentária proveniente de emendas de bancada de parlamentares de Estado ou do Distrito Federal.,https://dadosabertos.camara.leg.br/api/v2/proposicoes/2197160
2197504,camara,PEC 48/2019,2019,"Altera o art. 166 da Constituição Federal para autorizar a transferência de recursos federais a Estados, ao Distrito Federal e a Municípios mediante emendas ao projeto de lei do orçamento anual.

NOVA EMENTA: Acrescenta o art. 166-A na Constituição Federal, para autorizar a transferência de recursos federais a Estados, ao Distrito Federal e a Municípios mediante emendas ao projeto de lei orçamentária anual.",https://dadosabertos.camara.leg.br/api/v2/proposicoes/2197504
2198229,camara,PLN 5/2019,2019,Dispõe sobre as diretrizes para a elaboração e a execução da Lei Orçamentária de 2020 e dá outras providências.,https://dadosabertos.camara.leg.br/api/v2/proposicoes/2198229
2199310,camara,MPV 879/2019,2019,"Altera a Lei nº 10.438, de 26 de abril de 2002, e a Lei nº 12.111, de 9 de dezembro de 2009.",https://dadosabertos.camara.leg.br/api/v2/proposicoes/2199310
2199763,camara,MPV 881/2019,2019,"Institui a Declaração de Direitos de Liberdade Econômica, estabelece garantias de livre mercado, análise de impacto regulatório, e dá outras providências.

NOVA EMENTA: Institui a Declaração de Direitos de Liberdade Econômica; estabelece garantias de livre mercado; altera as Leis nºs 10.406, de 10 de janeiro de 2002 (Código Civil), 6.404, de 15 de dezembro de 1976, 11.598, de 3 de dezembro de 2007, 12.682, de 9 de julho de 2012, 6.015, de 31 de dezembro de 1973, 10.522, de 19 de julho de 2002, 8.934, de 18 de novembro 1994, o Decreto-Lei nº 9.760, de 5 de setembro de 1946 e a Consolidação das Leis do Trabalho, aprovada pelo Decreto-Lei nº 5.452, de 1º de maio de 1943; revoga a Lei Delegada nº 4, de 26 de setembro de 1962, a Lei nº 11.887, de 24 de dezembro de 2008, e dispositivos das Leis nºs 10.101, de 19 de dezembro de 2000, 605, de 5 de janeiro de 1949, 4.178, de 11 de dezembro de 1962, e do Decreto-Lei nº 73, de 21 de novembro de 1966; e dá outras providências.",https://dadosabertos.camara.leg.br/api/v2/proposicoes/2199763
2200900,camara,REQ 1442/2019,2019,"Requer regime de urgência para a apreciação do Projeto de Lei nº 10.940, de 2018, que ""Altera a Lei nº 9.492, de 10 de setembro de 1997, para definir os títulos e os documentos de dívida suscetíveis de protesto; e revoga dispositivo da Lei nº 9.430, de 27 de dezembro de 1996. """,https://dadosabertos.camara.leg.br/api/v2/proposicoes/2200900
2201529,camara,PL 2787/2019,2019,"Altera a Lei nº 9.605, de 12 de fevereiro de 1998 (Lei de Crimes Ambientais), para tipificar o crime de ecocídio e a conduta delitiva do responsável por desastre relativo a rompimento de barragem, e dá outras providências.

NOVA EMENTA: Altera a Lei nº 9.605, de 12 de fevereiro de 1998, para tipificar o crime de ecocídio e a conduta delitiva do responsável por desastre relativo a rompimento de barragem; e dá outras providências.",https://dadosabertos.camara.leg.br/api/v2/proposicoes/2201529
2201532,camara,PL 2788/2019,2019,"Institui a Política Nacional de Direitos das Populações Atingidas por Barragens, e dá outras providências. 

NOVA EMENTA: Institui a Política Nacional de Direitos das Populações Atingidas por Barragens (PNAB); discrimina os direitos das Populações Atingidas por Barragens (PAB); prevê o Programa de Direitos das Populações Atingidas por Barragens (PDPAB); estabelece regras de responsabilidade social do empreendedor; revoga dispositivos da Consolidação das Leis do Trabalho (CLT), aprovada pelo Decreto-Lei nº 5.452, de 1º de maio de 1943; e dá outras providências.",https://dadosabertos.camara.leg.br/api/v2/proposicoes/2201532
2202987,camara,PLN 6/2019,2019,"Abre ao Orçamento Fiscal da União, em favor das Justiças Federal, Eleitoral, do Trabalho e do Distrito Federal e dos Territórios, do Ministério Público da União e do Conselho Nacional do Ministério Público, crédito suplementar no valor de R$ 236.566.628,00, para reforço de dotações constantes da Lei Orçamentária vigente.",https://dadosabertos.camara.leg.br/api/v2/proposicoes/2202987
2203106,camara,REQ 1464/2019,2019,"Requer a convocação do Ministro de Estado da Educação, Senhor Abraham Weintraub, para comparecer ao Plenário da Câmara dos Deputados a fim de prestar esclarecimentos acerca dos cortes orçamentários na educação brasileira, especialmente, os realizados nas Universidades Federais e nos Institutos Federais de Educação.",https://dadosabertos.camara.leg.br/api/v2/proposicoes/2203106
2204056,camara,PL 2999/2019,2019,"Dispõe sobre a antecipação do pagamento dos honorários periciais nas ações em que o Instituto Nacional do Seguro Social figure como parte e que tramitem no âmbito de responsabilidade da Justiça Federal.

NOVA EMENTA: Dispõe sobre honorários periciais em ações em que o Instituto Nacional do Seguro Social (INSS) figure como parte e altera a Consolidação das Leis do Trabalho (CLT), aprovada pelo Decreto-Lei nº 5.452, de 1º de maio de 1943, a Lei nº 5.010, de 30 de maio de 1966, e a Lei nº 8.213, de 24 de julho de 1991.",https://dadosabertos.camara.leg.br/api/v2/proposicoes/2204056
2207613,camara,PL 3261/2019,2019,"Atualiza o marco legal do saneamento básico e altera a Lei nº 11.445, de 5 de janeiro de 2007 (Lei do Saneamento Básico), para aprimorar as condições estruturais do saneamento básico no País, a Lei nº 13.529, de 4 de dezembro de 2017, para autorizar a União a participar de fundo com a finalidade exclusiva de financiar serviços técnicos especializados, a Lei nº 11.107, de 6 de abril de 2005 (Lei de Consórcios Públicos), para vedar a prestação por contrato de programa dos serviços públicos de que trata o art. 175 da Constituição Federal, a Lei nº 13.089, de 12 de janeiro de 2015 (Estatuto da Metrópole), para estender seu âmbito de aplicação às microrregiões, e a Lei nº 12.305, de 2 de agosto de 2010 (Lei de Resíduos Sólidos), para tratar de prazos para a disposição final ambientalmente adequada dos rejeitos.",https://dadosabertos.camara.leg.br/api/v2/proposicoes/2207613
2208720,camara,MPV 886/2019,2019,"Altera a Lei nº 13.844, de 18 junho de 2019, a Lei nº 8.171, de 17 de janeiro de 1991, a Lei nº 12.897, de 18 de dezembro de 2013, a Lei nº 9.613, de 3 de março de 1998, e a Lei nº 13.334, de 13 de setembro de 2016, para dispor sobre a organização básica dos órgãos da Presidência da República e dos Ministérios.

NOVA EMENTA: Altera a Lei nº 13.844, de 18 junho de 2019, a Lei nº 8.171, de 17 de janeiro de 1991, a Lei nº 12.897, de 18 de dezembro de 2013, e a Lei nº 13.334, de 13 de setembro de 2016, para dispor sobre a organização básica dos órgãos da Presidência da República e dos Ministérios.",https://dadosabertos.camara.leg.br/api/v2/proposicoes/2208720
2209381,camara,PL 3723/2019,2019,"Altera a Lei nº 10.826, de 22 de dezembro de 2003, que dispõe sobre registro, posse e comercialização de armas de fogo e munição, sobre o Sistema Nacional de Armas - Sinarm e define crimes.

NOVA EMENTA: Altera a Lei nº 10.826, de 22 de dezembro de 2003, que dispõe sobre registro, posse e comercialização de armas de fogo e munição, sobre o Sistema Nacional de Armas (Sinarm) e define crimes, e o Decreto-Lei nº 2.848, de 7 de dezembro de 1940 (Código Penal); e revoga dispositivos das Leis nºs 7.102, de 20 de junho de 1983, e 7.170, de 14 de dezembro de 1983.",https://dadosabertos.camara.leg.br/api/v2/proposicoes/2209381
2209722,camara,REQ 1844/2019,2019,"Requeiro a Vossa Excelência, nos termos do Art. 155 do Regimento Interno da Câmara dos Deputados, urgência para apreciação imediata do Projeto de Lei 4.067/2015, que ""Institui o Exame Nacional de Revalidação de Diplomas Médicos Expedidos por Universidades Estrangeiras (Revalida)."".",https://dadosabertos.camara.leg.br/api/v2/proposicoes/2209722
2210523,camara,PL 3715/2019,2019,"Altera a Lei nº 10.826, de 22 de dezembro de 2003 (Estatuto do Desarmamento), para determinar que, em área rural, para fins de posse de arma de fogo, considera-se residência ou domicílio toda a extensão do respectivo imóvel.",https://dadosabertos.camara.leg.br/api/v2/proposicoes/2210523
2212362,camara,PL 4121/2019,2019,"Estabelece os limites de gastos de campanha para as eleições de 2020 e dá outras providências.

NOVA EMENTA: Altera a Lei nº 9.504, de 30 de setembro de 1997, a fim de estabelecer os limites de gastos de campanha para as eleições municipais.",https://dadosabertos.camara.leg.br/api/v2/proposicoes/2212362
2212949,camara,MPV 889/2019,2019,"Altera a Lei Complementar nº 26, de 11 de setembro de 1975, para dispor sobre a possibilidade de movimentação das contas do Programa de Integração Social - PIS e do Programa de Formação do Patrimônio do Servidor Público - Pasep, e a Lei nº 8.036, de 11 de maio de 1990, para instituir a modalidade de saque-aniversário no Fundo de Garantia do Tempo de Serviço - FGTS, e dá outras providências.

NOVA EMENTA: Altera a Lei Complementar nº 26, de 11 de setembro de 1975, e as Leis nºs 8.036, de 11 de maio de 1990, 8.019, de 11 de abril de 1990, e 10.150, de 21 de dezembro de 2000, para instituir a modalidade de saque-aniversário no Fundo de Garantia do Tempo de Serviço (FGTS) e assegurar o equilíbrio econômico-financeiro do Fundo, dispor sobre a movimentação das contas do Programa de Integração Social (PIS) e do Programa de Formação do Patrimônio do Servidor Público (Pasep) e sobre a devolução de recursos ao Fundo de Amparo ao Trabalhador (FAT), alterar disposições sobre as dívidas do Fundo de Compensação de Variações Salariais (FCVS), e extinguir a cobrança da contribuição de 10% (dez por cento) devida pelos empregadores em caso de despedida sem justa causa.",https://dadosabertos.camara.leg.br/api/v2/proposicoes/2212949
2213191,camara,MPV 890/2019,2019,"Institui o Programa Médicos pelo Brasil, no âmbito da atenção primária à saúde no Sistema Único de Saúde, e autoriza o Poder Executivo federal a instituir serviço social autônomo denominado Agência para o Desenvolvimento da Atenção Primária à Saúde.

NOVA EMENTA: Institui o Programa Médicos pelo Brasil, no âmbito da atenção primária à saúde no Sistema Único de Saúde (SUS), e autoriza o Poder Executivo federal a instituir serviço social autônomo denominado Agência para o Desenvolvimento da Atenção Primária à Saúde (Adaps).",https://dadosabertos.camara.leg.br/api/v2/proposicoes/2213191
2213200,camara,PL 4162/2019,2019,"Atualiza o marco legal do saneamento básico e altera a Lei nº 9.984, de 17 de julho de 2000, para atribuir à Agência Nacional de Águas competência para editar normas de referência sobre o serviço de saneamento; a Lei nº 10.768, de 19 de novembro de 2003, para alterar as atribuições do cargo de Especialista em Recursos Hídricos e Saneamento Básico; a Lei nº 11.107, de 6 de abril de 2005, para vedar a prestação por contrato de programa dos serviços públicos de que trata o art. 175 da Constituição; a Lei nº 11.445, de 5 de janeiro de 2007, para aprimorar as condições estruturais do saneamento básico no País; a Lei nº 12.305, de 2 de agosto de 2010, para tratar dos prazos para a disposição final ambientalmente adequada dos rejeitos; a Lei nº 13.089, de 12 de janeiro de 2015, para estender seu âmbito de aplicação às microrregiões; e a Lei nº 13.529, de 4 de dezembro de 2017, para autorizar a União a participar de fundo com a finalidade exclusiva de financiar serviços técnicos especializados.",https://dadosabertos.camara.leg.br/api/v2/proposicoes/2213200
2214046,camara,PLN 18/2019,2019,"Abre aos Orçamentos Fiscal e da Seguridade Social da União, em favor de diversos órgãos do Poder Executivo, crédito suplementar no valor de R$ 3.041.594.744,00, para reforço de dotações constantes da Lei Orçamentária vigente.",https://dadosabertos.camara.leg.br/api/v2/proposicoes/2214046
2214151,camara,REQ 2070/2019,2019,"Requer, nos termos do art. 155 do RICD, URGÊNCIA para a apreciação do Projeto de Lei nº 1.685, de 2011 que ""autoriza transferência, a título de contribuição de capital, mediante celebração de convênios entre a União e as Associações de Proteção e Assistência aos Condenados - APACs, em atenção ao disposto no §6º do art. 12 da Lei nº 4.320, de 17 de março de 1964""",https://dadosabertos.camara.leg.br/api/v2/proposicoes/2214151
2214811,camara,REQ 2110/2019,2019,"Requeiro, nos termos do artigo   155  do Regimento Interno da Câmara dos Deputados, urgência para o Projeto de Lei n.  3.688/2000, que dispõe  sobre  a  prestação  de  serviços  de  psicologia  e de assistência social nas escolas públicas de educação básica, de autoria do Deputado José Carlos Elias (PTB/ES).",https://dadosabertos.camara.leg.br/api/v2/proposicoes/2214811
2215146,camara,REQ 2144/2019,2019,"Requeremos, nos termos do art. 155 do Regimento Interno da Câmara dos Deputados, urgência para o Projeto de Lei n 7.596, de 2017.",https://dadosabertos.camara.leg.br/api/v2/proposicoes/2215146
2215293,camara,REQ 2157/2019,2019,Requer urgência para apreciação do Projeto de Lei 3715/2019.,https://dadosabertos.camara.leg.br/api/v2/proposicoes/2215293
2215381,camara,REQ 2164/2019,2019,"Requeremos a V.Exa, nos termos do artigo 155 do Regimento Interno da Câmara dos Deputados, urgência para votação do Projeto de Lei n. 4.348, de 2019, que ""altera a Lei n. 11.952, de 25 de junho de 2009, no seu Art. 40-A"".",https://dadosabertos.camara.leg.br/api/v2/proposicoes/2215381
2216788,camara,REQ 2234/2019,2019,"Requer Regime de Urgência para apreciação da Mensagem Nº 208/2019, que ""submete à consideração do Congresso Nacional o texto do Acordo entre o Governo da República Federativa do Brasil e o Governo dos Estados Unidos da América Sobre Salvaguardas Tecnológicas Relacionadas à Participação dos Estados Unidos da América em Lançamentos a partir do Centro Espacial de Alcântara, assinado em Washington, em 18 de março de 2019"".",https://dadosabertos.camara.leg.br/api/v2/proposicoes/2216788
2216799,camara,PDL 523/2019,2019,"Aprova o texto do Acordo entre o Governo da República Federativa do Brasil e o Governo dos Estados Unidos da América Sobre Salvaguardas Tecnológicas Relacionadas à Participação dos Estados Unidos da América em Lançamentos a partir do Centro Espacial de Alcântara, assinado em Washington, em 18 de março de 2019.",https://dadosabertos.camara.leg.br/api/v2/proposicoes/2216799
2218078,camara,PLN 22/2019,2019,Estima a receita e fixa a despesa da União para o exercício financeiro de 2020.,https://dadosabertos.camara.leg.br/api/v2/proposicoes/2218078
2218250,camara,PL 4805/2019,2019,"Altera a Lei n. 8.248, de 23 de outubro de 1991, e dispõe sobre a capacitação e competitividade do setor de informática e automação para estabelecer o tratamento tributário aplicável às empresas desse setor e dá outras providências.

NOVA EMENTA: Dispõe sobre a política industrial para o setor de tecnologias da informação e comunicação e para o setor de semicondutores e altera a Lei nº 11.484, de 31 de maio de 2007, a Lei nº 8.248, de 23 de outubro de 1991, a Lei nº 10.637, de 30 de dezembro de 2002, e a Lei nº 8.387, de 30 de dezembro de 1991.",https://dadosabertos.camara.leg.br/api/v2/proposicoes/2218250
2219406,camara,REQ 2362/2019,2019,"Requeremos, nos termos do art. 155 do Regimento Interno da Câmara dos Deputados, urgência para o Projeto de Decreto Legislativo nº 614	de 2019.",https://dadosabertos.camara.leg.br/api/v2/proposicoes/2219406
2219905,camara,REQ 2381/2019,2019,"Requer, nos termos do art. 155 do RICD, urgência para o PL 2.944/2019, que dispõe sobre emolumentos dos serviços notariais e de registros públicos, no âmbito do Distrito Federal e dos Territórios, e dá outras providências.",https://dadosabertos.camara.leg.br/api/v2/proposicoes/2219905
2222991,camara,REQ 2568/2019,2019,Requer urgência urgentíssima para o PL 3443/19.,https://dadosabertos.camara.leg.br/api/v2/proposicoes/2222991
2222992,camara,REQ 2569/2019,2019,Requer urgência urgentíssima para o PL 3444/19.,https://dadosabertos.camara.leg.br/api/v2/proposicoes/2222992
2224574,camara,REQ 2639/2019,2019,"Nos termos do art. 155 do Regimento Interno da Câmara dos Deputados, requeiro urgência para apreciação do PL 5.385/2019.",https://dadosabertos.camara.leg.br/api/v2/proposicoes/2224574
2224760,camara,REQ 2660/2019,2019,"Com base no art. 155 do Regimento Interno, requeremos regime de urgência na apreciação do Projeto de Lei n.. 5478 , de 2019, que estabelece critérios de distribuição dos valores arrecadados com os leilões dos volumes excedentes ao limite a que se refere o §2º do Art. 1º da Lei N. 12.276, de 30 de junho de 2010 e dá outras providências.",https://dadosabertos.camara.leg.br/api/v2/proposicoes/2224760
2226336,camara,REQ 2759/2019,2019,"Requeremos, nos termos do art. 155 do Regimento Interno da Câmara dos Deputados, urgência urgentíssima para apreciação do Projeto de Lei n° 4.805, de 2019, que ""Altera a Lei n. 8.248, de 23 de outubro de 1991, e dispõe sobre a capacitação e competitividade do setor de informática e automação para estabelecer o tratamento tributário aplicável às empresas desse setor e dá outras providências."".",https://dadosabertos.camara.leg.br/api/v2/proposicoes/2226336
2226362,camara,REQ 2763/2019,2019,"Requer regime de urgência para apreciação do PL n° 6.229, de 2005.",https://dadosabertos.camara.leg.br/api/v2/proposicoes/2226362
2227826,camara,REC 55/2019,2019,"Recurso contra apreciação conclusiva do Projeto de Lei nº 1.645, de 2019",https://dadosabertos.camara.leg.br/api/v2/proposicoes/2227826
2227917,camara,PL 5815/2019,2019,"Prorroga o prazo para utilização do Regime Especial de Tributação para Desenvolvimento da Atividade de Exibição Cinematográfica (RECINE) e os benefícios fiscais previstos nos arts. 1º e 1º-A da Lei nº 8.685, de 20 de julho de 1993, e no art. 44 da Medida Provisória nº 2.228-1, de 6 de setembro de 2001.",https://dadosabertos.camara.leg.br/api/v2/proposicoes/2227917
2228665,camara,PLP 223/2019,2019,"Altera a Lei Complementar nº 87, de 13 de setembro de 1996 (Lei Kandir), para prorrogar prazos em relação à apropriação dos créditos do imposto estadual sobre operações relativas à circulação de mercadorias e sobre prestações de serviços de transporte interestadual e intermunicipal e de comunicação (ICMS).",https://dadosabertos.camara.leg.br/api/v2/proposicoes/2228665
2229812,camara,REQ 2964/2019,2019,Requer urgência urgentíssima para o PL 5082/2016.,https://dadosabertos.camara.leg.br/api/v2/proposicoes/2229812
2229813,camara,REQ 2965/2019,2019,"""Exclui da Área Indígena São Marcos a área urbana da sede do Município de Pacaraima (RR)"".",https://dadosabertos.camara.leg.br/api/v2/proposicoes/2229813
2230573,camara,REQ 3024/2019,2019,"Requer urgência, nos termos do art. 154, do Regimento Interno da Câmara dos Deputados, para apreciação do PL nº 3.261, de 2019, que ""atualiza o marco legal do saneamento básico e altera a Lei nº 11.445, de 5 de janeiro de 2007 (Lei do Saneamento Básico), para aprimorar as condições estruturais do saneamento básico no País, a Lei nº 13.529, de 4 de dezembro de 2017, para autorizar a União a participar de fundo com a finalidade exclusiva de financiar serviços técnicos especializados, a Lei nº 11.107, de 6 de abril de 2005 (Lei de Consórcios Públicos), para vedar a prestação por contrato de programa dos serviços públicos de que trata o art. 175 da Constituição Federal, a Lei nº 13.089, de 12 de janeiro de 2015 (Estatuto da Metrópole), para estender seu âmbito de aplicação às microrregiões, e a Lei nº 12.305, de 2 de agosto de 2010 (Lei de Resíduos Sólidos), para tratar de prazos para a disposição final ambientalmente adequada dos rejeitos"".",https://dadosabertos.camara.leg.br/api/v2/proposicoes/2230573
2231930,camara,PLN 51/2019,2019,"Altera a Lei nº 13.898, de 11 de novembro de 2019, que dispõe sobre as diretrizes para a elaboração e a execução da Lei Orçamentária de 2020 e dá outras providências.",https://dadosabertos.camara.leg.br/api/v2/proposicoes/2231930
2232173,camara,REQ 3157/2019,2019,,https://dadosabertos.camara.leg.br/api/v2/proposicoes/2232173
2222884,camara,MPV 897/2019,2019,"Institui o Fundo de Aval Fraterno, dispõe sobre o patrimônio de afetação de propriedades rurais, a Cédula Imobiliária Rural, a escrituração de títulos de crédito e a concessão de subvenção econômica para empresas cerealistas, e dá outras providências.

NOVA EMENTA:Institui o Fundo Garantidor Solidário (FGS); dispõe sobre o patrimônio rural em afetação, a Cédula Imobiliária Rural (CIR), a escrituração de títulos de crédito e a concessão de subvenção econômica para empresas cerealistas; altera as Leis nºs 8.427, de 27 de maio de 1992, 8.929, de 22 de agosto de 1994, 11.076, de 30 de dezembro de 2004, 10.931, de 2 de agosto de 2004, 12.865, de 9 de outubro de 2013, 5.709, de 7 de outubro de 1971, 6.634, de 2 de maio de 1979, 6.015, de 31 de dezembro de 1973, 7.827, de 27 de setembro de 1989, 8.212, de 24 de julho de 1991, 10.169, de 29 de dezembro de 2000, 11.116, de 18 de maio de 2005, 12.810, de 15 de maio de 2013, 13.340, de 28 de setembro de 2016, 13.576, de 26 de dezembro de 2017, e o Decreto-Lei nº 167, de 14 de fevereiro de 1967; revoga dispositivos das Leis nºs 4.728, de 14 de julho de 1965, e 13.476, de 28 de agosto de 2017, e dos Decretos-Leis nºs 13, de 18 de julho de 1966; 14, de 29 de julho de 1966; e 73, de 21 de novembro de 1966; e dá outras providências.",https://dadosabertos.camara.leg.br/api/v2/proposicoes/2222884
2236326,camara,CMC 1/2020,2020,Comunica os termos da decisão proferida pelo Ministro Celso de Mello nos autos da Petição n. 8.637. Suspensão cautelar do exercício do mandato do Senhor Deputado Wilson Santiago.,https://dadosabertos.camara.leg.br/api/v2/proposicoes/2236326
135251,senado,MSF 6/2019,2019,"Submete à apreciação do Senado Federal, de conformidade com o art. 52, inciso III, alínea ""f"", da Constituição Federal, combinado com o art. 6º da Lei nº 6.385, de 7 de dezembro de 1976, com redação dada pelo art. 1º, da Lei 10.411, de 26 de fevereiro de 2002, o nome da Senhora FLÁVIA MARTINS SANT´ANNA PERLINGEIRO para exercer o cargo de Diretora da Comissão de Valores Mobiliários – CVM.",https://www25.senado.leg.br/web/atividade/materias/-/materia/135251
135087,senado,MSF 2/2019,2019,"Submete à apreciação do Senado Federal, nos termos do art. 84, inciso XIV, combinado com o art. 52, inciso III, alínea d, da Constituição Federal, o nome do Senhor ROBERTO DE OLIVEIRA CAMPOS NETO, para exercer o cargo de Presidente do Banco Central do Brasil.",https://www25.senado.leg.br/web/atividade/materias/-/materia/135087
135250,senado,MSF 5/2019,2019,"Submete à consideração do Senado Federal, nos termos do o art. 84, inciso XIV, combinado com o art. 52, inciso III, alínea ""d"", da Constituição, o nome do Senhor BRUNO SERRA FERNANDES, para exercer o cargo de Diretor do Banco Central do Brasil.",https://www25.senado.leg.br/web/atividade/materias/-/materia/135250
135252,senado,MSF 7/2019,2019,"Submete à consideração do Senado Federal, nos termos do o art. 84, inciso XIV, combinado com o art. 52, inciso III, alínea ""d"", da Constituição, o nome do Senhor JOÃO MANOEL PINHO DE MELLO, para exercer o cargo de Diretor do Banco Central do Brasil.",https://www25.senado.leg.br/web/atividade/materias/-/materia/135252
129807,senado,PEC 25/2017,2017,"Altera os arts. 7º, 23, 24, 37, 40, 201, 203, 208, 227 e 244 da Constituição Federal para incorporar-lhes a nomenclatura “pessoa com deficiência”, utilizada pela Convenção Internacional sobre o Direito das Pessoas com Deficiência.",https://www25.senado.leg.br/web/atividade/materias/-/materia/129807
135603,senado,PLP 54/2019 (Substitutivo-CD),2019,"Altera a Lei Complementar nº 105, de 10 de janeiro de 2001, e a Lei n° 12.414, de 9 de junho de 2011, para dispor sobre os cadastros positivos de crédito e regular a responsabilidade civil dos operadores.",https://www25.senado.leg.br/web/atividade/materias/-/materia/135603
134910,senado,PLC 135/2018,2018,"Dispõe sobre a Empresa Simples de Crédito (ESC); altera as Leis nºs 9.613, de 3 de março de 1998, e 9.249, de 26 de dezembro de 1995, e a Lei Complementar nº 123, de 14 de dezembro de 2006, para regulamentar a ESC e o Inova Simples.",https://www25.senado.leg.br/web/atividade/materias/-/materia/134910
135088,senado,MSF 3/2019,2019,"Submete à apreciação do Senado Federal, de conformidade com o art. 52, inciso IV, da Constituição, e com o art. 39, combinado com o art. 46 da Lei nº 11.440, de 2006, o nome do Senhor OLYNTHO VIEIRA, Ministro de Segunda Classe da Carreira de Diplomata do Ministério das Relações Exteriores, para exercer o cargo de Embaixador do Brasil na República Islâmica do Paquistão e cumulativamente  junto à República Islâmica do Afeganistão  e  à República do Tajiquistão.",https://www25.senado.leg.br/web/atividade/materias/-/materia/135088
123903,senado,PEC 141/2015,2015,"Acrescenta § 3º ao art. 42 da Constituição Federal, que dispõe sobre os militares dos Estados, do Distrito Federal e dos Territórios.",https://www25.senado.leg.br/web/atividade/materias/-/materia/123903
135983,senado,PEC 34/2019,2019,"Altera os arts. 165 e 166 da Constituição Federal, parar tornar obrigatória a execução da programação orçamentária que especifica.",https://www25.senado.leg.br/web/atividade/materias/-/materia/135983
121353,senado,PEC 61/2015,2015,"Altera o art. 166 da Constituição Federal, para autorizar a apresentação de emendas ao projeto de lei do orçamento anual diretamente ao Fundo de Participação dos Estados e do Distrito Federal e ao Fundo de Participação dos Municípios.",https://www25.senado.leg.br/web/atividade/materias/-/materia/121353
136173,senado,PL 1321/2019,2019,"Altera a Lei nº 9.096, de 19 de setembro de 1995 (Lei dos Partidos Políticos), a fim de assegurar autonomia aos partidos políticos para definir o prazo de duração dos mandatos dos membros dos seus órgãos partidários permanentes ou provisórios; e dá outras providências.",https://www25.senado.leg.br/web/atividade/materias/-/materia/136173
127414,senado,PEC 57/2016,2016,"Altera os arts. 30, 37, 146, 150, 179 e 195 da Constituição Federal para prever que lei complementar conceituará pequeno Município, poderá disciplinar os princípios da Administração Pública e as normas gerais aplicáveis ao processo administrativo fiscal, à substituição tributária, à moralidade tributária, à eficiência tributária e à vedação de confisco, e ao estabelecimento do estatuto de defesa dos direitos contribuintes; dá nova disciplina ao princípio da anterioridade; elimina a exigência de certidão negativa dos débitos previdenciários para participação em procedimentos licitatórios e contratação com o setor público; e fixa a obrigatoriedade de especificação de tratamento diferenciado e simplificado das microempresas e empresas de pequeno porte no âmbito das normas de caráter geral aplicáveis às empresas.",https://www25.senado.leg.br/web/atividade/materias/-/materia/127414
117839,senado,PLS 188/2014,2014,"Acrescenta inciso IV ao § 3º do art. 198 da Lei nº 5.172, de 25 de outubro de 1966 - Código Tributário Nacional, para permitir a divulgação, por parte da Fazenda Pública, dos beneficiários de renúncia de receita.",https://www25.senado.leg.br/web/atividade/materias/-/materia/117839
136357,senado,MSF 12/2019,2019,"Submete à consideração do Senado Federal, nos termos do art. 52, inciso III, alínea ""f"", da Constituição, combinado com o art. 53 da Lei nº 10.233, de 2001, a escolha do Senhor DAVI FERREIRA GOMES BARRETO, para exercer o cargo de Diretor da Agência Nacional de Transportes Terrestres - ANTT.",https://www25.senado.leg.br/web/atividade/materias/-/materia/136357
116081,senado,PLS 26/2014,2014,"Altera o art. 1º da Lei Complementar nº 105, de 10 de janeiro de 2001, para extinguir o sigilo bancário nas operações ativas de instituições oficiais de crédito que tenham como contraparte Estados estrangeiros.",https://www25.senado.leg.br/web/atividade/materias/-/materia/116081
132847,senado,PLS 163/2018,2018,"Altera a Lei Complementar nº 156, de 28 de dezembro de 2016, que estabelece o Plano de Auxílio aos Estados e ao Distrito Federal e medidas de estímulo ao reequilíbrio fiscal; e altera a Lei Complementar no 148, de 25 de novembro de 2014, a Lei no 9.496, de 11 de setembro de 1997, a Medida Provisória no 2.192-70, de 24 de agosto de 2001, a Lei no 8.727, de 5 de novembro de 1993, e a Lei Complementar no 101, de 4 de maio de 2000.",https://www25.senado.leg.br/web/atividade/materias/-/materia/132847
137178,senado,PEC 91/2019,2019,Altera o procedimento de apreciação das medidas provisórias pelo Congresso Nacional.,https://www25.senado.leg.br/web/atividade/materias/-/materia/137178
136635,senado,PDL 233/2019,2019,"Susta o Decreto nº 9.785, de 07 de Maio de 2019, que regulamenta a Lei nº 10.826, de 22 de dezembro de 2003, para dispor sobre a aquisição, o cadastro, o registro, a posse, o porte e a comercialização de armas de fogo e de munição e sobre o Sistema Nacional de Armas e o Sistema Nacional de Gerenciamento Militar de Armas.",https://www25.senado.leg.br/web/atividade/materias/-/materia/136635
136706,senado,MSF 15/2019,2019,"Submete à apreciação do Senado Federal, de conformidade com o art. 52, inciso IV, da Constituição, e com os arts. 39 e 41 da Lei nº 11.440, de 2006, a escolha do Senhor PEDRO FERNANDO BRÊTAS BASTOS, para exercer o cargo de Representante Permanente do Brasil junto à Comunidade dos Países de Língua Portuguesa.",https://www25.senado.leg.br/web/atividade/materias/-/materia/136706
136707,senado,MSF 16/2019,2019,"Submete à apreciação do Senado Federal, de conformidade com o art. 52, inciso IV, da Constituição, e com os arts. 39 e 41 da Lei nº 11.440, de 2006, a escolha do Senhor HENRIQUE DA SILVEIRA SARDINHA PINTO, Ministro de Primeira Classe da Carreira de Diplomata do Ministério das Relações Exteriores, para exercer o cargo de Embaixador do Brasil junto à Santa Sé e, cumulativamente, junto à Ordem Soberana e Militar de Malta.",https://www25.senado.leg.br/web/atividade/materias/-/materia/136707
136995,senado,MSF 22/2019,2019,"Submete à apreciação do Senado Federal, de conformidade com o art. 52, inciso IV, da Constituição, e com o art. 39, combinado com o art. 46 da Lei nº 11.440, de 2006, o nome do Senhor ANTONIO DE AGUIAR PATRIOTA, Ministro de Primeira Classe da Carreira de Diplomata do Ministério das Relações Exteriores, para exercer o cargo de Embaixador do Brasil junto à República Árabe do Egito, e, cumulativamente, ao Estado da Eritréia.",https://www25.senado.leg.br/web/atividade/materias/-/materia/136995
137061,senado,MSF 24/2019,2019,"Submete à apreciação do Senado Federal, de conformidade com o art. 52, inciso IV, da Constituição, e com o art. 39, combinado com o parágrafo único do art. 41 da Lei nº 11.440, de 2006, o nome do Senhor CARLOS ALBERTO SIMAS MAGALHÃES, Ministro de Primeira Classe do Quadro Especial da Carreira de Diplomata do Ministério das Relações Exteriores, para exercer o cargo de Embaixador do Brasil na República Portuguesa.",https://www25.senado.leg.br/web/atividade/materias/-/materia/137061
137117,senado,MSF 26/2019,2019,"Submete à apreciação do Senado Federal, de conformidade com o art. 52, inciso IV, da Constituição, e com os arts. 39 e 41 da Lei nº 11.440, de 2006, a escolha do Senhor LUÍS FERNANDO DE ANDRADE SERRA, Ministro de Primeira Classe do Quadro Especial da Carreira de Diplomata do Ministério das Relações Exteriores, para exercer o cargo de Embaixador do Brasil junto à República Francesa e, cumulativamente, ao Principado de Mônaco.",https://www25.senado.leg.br/web/atividade/materias/-/materia/137117
128634,senado,PLC 27/2017,2017,"Estabelece medidas de combate à impunidade, à corrupção; altera os Decretos-Leis nºs 2.848, de 7 de dezembro de 1940 – Código Penal, e 3.689, de 3 de outubro de 1941 –Código de Processo Penal; as Leis nºs 4.717, de 29 de junho de 1965, 4.737, de 15 de julho de 1965, 8.072, de 25 de julho de 1990, 8.112, de 11 de dezembro de 1990, 8.429, de 2 de junho de 1992, 8.906, de 4 de julho de 1994, 9.096, de 19 de setembro de 1995, 9.504, de 30 de setembro de 1997, 9.613, de 3 de março de 1998, e 7.347, de 24 de julho de 1985; revoga dispositivos do Decreto-Lei nº 201, de 27 de fevereiro de 1967, e da Lei nº 8.137, de 27 de dezembro de 1990; e dá outras providências.",https://www25.senado.leg.br/web/atividade/materias/-/materia/128634
130029,senado,PLS 224/2017,2017,"Altera a Lei nº 10.826, de 22 de dezembro de 2003, para autorizar a aquisição de uma arma de fogo de uso permitido por residentes em áreas rurais.",https://www25.senado.leg.br/web/atividade/materias/-/materia/130029
137060,senado,MSF 23/2019,2019,"Submete à apreciação do Senado Federal, de conformidade com o art. 52, inciso III, alínea ""f"", da Constituição, combinado com parágrafo único do art. 11 da Lei nº 9.883, de 7 de dezembro de 1999, o nome do Senhor ALEXANDRE RAMAGEM RODRIGUES para exercer o cargo de Diretor-Geral da Agência Brasileira de Inteligência.",https://www25.senado.leg.br/web/atividade/materias/-/materia/137060
135594,senado,PEC 17/2019,2019,"Acrescenta o inciso XII-A, ao art. 5º, e o inciso XXX, ao art. 22, da Constituição Federal para incluir a proteção de dados pessoais entre os direitos fundamentais do cidadão e fixar a competência privativa da União para legislar sobre a matéria.",https://www25.senado.leg.br/web/atividade/materias/-/materia/135594
137179,senado,OFS 30/2019,2019,"Submete à apreciação do Senado Federal, nos termos do art. 103-B, inciso III, da Constituição Federal, a indicação do Senhor EMMANOEL PEREIRA, para compor o Conselho Nacional de Justiça, na vaga destinada a Ministro do Tribunal Superior do Trabalho.",https://www25.senado.leg.br/web/atividade/materias/-/materia/137179
137464,senado,OFS 32/2019,2019,"Encaminha, nos termos do art. 1º, § 2º a § 5º da Resolução do Senado Federal nº 42, de 2016, a indicação do Senhor JOSUÉ ALFREDO PELLEGRINI, para ocupar o cargo de Diretor da Instituição Fiscal Independente, em vaga aberta em decorrência da saída de Gabriel Leal de Barros.",https://www25.senado.leg.br/web/atividade/materias/-/materia/137464
137072,senado,OFS 23/2019,2019,"Submete à apreciação do Senado Federal, nos termos do art. 103-B, inciso VI, da Constituição Federal, a indicação do Senhor RUBENS DE MENDONÇA CANUTO NETO, para compor o Conselho Nacional de Justiça, na vaga destinada a membro de Tribunal Regional Federal, no biênio 2019-2021.",https://www25.senado.leg.br/web/atividade/materias/-/materia/137072
137073,senado,OFS 24/2019,2019,"Submete à apreciação do Senado Federal, nos termos do art. 103-B, inciso VII, da Constituição Federal, a indicação da Senhora CANDICE LAVOCAT GALVÃO JOBIM, para compor o Conselho Nacional de Justiça, na vaga destinada a juiz federal, no biênio 2019-2021.",https://www25.senado.leg.br/web/atividade/materias/-/materia/137073
137515,senado,MSF 33/2019,2019,"Submete à apreciação do Senado Federal, de conformidade com o art. 52, inciso III, alínea ""f"", da Constituição, combinado com o art. 10, da Lei nº 9.782, de 26 de janeiro de 1999, e art. 6º do Anexo I ao Decreto n° 3.029, de 16 de abril de 1999, o nome do Senhor ANTONIO BARRA TORRES para exercer cargo de Diretor da Agência Nacional de Vigilância Sanitária – ANVISA.",https://www25.senado.leg.br/web/atividade/materias/-/materia/137515
137077,senado,OFS 25/2019,2019,"Submete à apreciação do Senado Federal, nos termos do art. 130-A, inciso IV, da Constituição Federal, a indicação do Senhor LUCIANO NUNES MAIA FREIRE, para ser reconduzido ao cargo de conselheiro do Conselho Nacional do Ministério Público, no biênio 2019-2021.",https://www25.senado.leg.br/web/atividade/materias/-/materia/137077
137116,senado,MSF 25/2019,2019,"Submete à apreciação do Senado Federal, de conformidade com o art. 52, inciso IV, da Constituição, e com os arts. 39 e 41 da Lei nº 11.440, de 2006, a escolha do Senhor JULIO GLINTERNICK BITELLI, Ministro de Primeira Classe da Carreira de Diplomata do Ministério das Relações Exteriores, para exercer o cargo de Embaixador do Brasil junto ao Reino do Marrocos.",https://www25.senado.leg.br/web/atividade/materias/-/materia/137116
137154,senado,MSF 27/2019,2019,"Submete à apreciação do Senado Federal, de conformidade com o art. 52, inciso IV, da Constituição, e com os arts. 39 e 41 da Lei nº 11.440, de 2006, a escolha do Senhor FLÁVIO SOARES DAMICO, Ministro de Primeira Classe da Carreira de Diplomata do Ministério das Relações Exteriores, para exercer o cargo de Embaixador do Brasil junto à República do Paraguai.",https://www25.senado.leg.br/web/atividade/materias/-/materia/137154
134583,senado,PLC 115/2018,2018,"Altera o art. 9º da Lei nº 9.964, de 10 de abril de 2000, que instituiu o Programa de Recuperação Fiscal (Refis), para proibir a exclusão de pessoas jurídicas adimplentes e de boa-fé do Refis nas condições que especifica.",https://www25.senado.leg.br/web/atividade/materias/-/materia/134583
137415,senado,MSF 30/2019,2019,"Submete à apreciação do Senado Federal, de conformidade com o art. 52, inciso IV, da Constituição, e com os arts. 39 e 41 da Lei nº 11.440, de 2006, a escolha do Senhor LUIZ ALBERTO FIGUEIREDO MACHADO, para exercer o cargo de Embaixador do Brasil junto ao Estado do Catar.",https://www25.senado.leg.br/web/atividade/materias/-/materia/137415
137417,senado,MSF 31/2019,2019,"Submete à apreciação do Senado Federal, de conformidade com o art. 52, inciso IV, da Constituição, e com o art. 39, combinado com o art. 46 da Lei nº 11.440, de 2006, o nome do Senhor ROBERTO ABDALLA, Ministro de Primeira Classe da Carreira de Diplomata do Ministério das Relações Exteriores, para exercer o cargo de Embaixador do Brasil na República Helênica.",https://www25.senado.leg.br/web/atividade/materias/-/materia/137417
137546,senado,MSF 34/2019,2019,"Submete à apreciação do Senado Federal, de conformidade com o art. 52, inciso IV, da Constituição, e com o art. 39, combinado com o art. 41 da Lei nº 11.440, de 2006, o nome da Senhora MARIA LAURA DA ROCHA, Ministra de Primeira Classe da Carreira de Diplomata do Ministério das Relações Exteriores, para exercer o cargo de Embaixadora do Brasil na Romênia.",https://www25.senado.leg.br/web/atividade/materias/-/materia/137546
137676,senado,MSF 36/2019,2019,"Submete à apreciação do Senado Federal, de conformidade com o art. 52, inciso IV, da Constituição, e com o art. 39, combinado com o art. 46 da Lei nº 11.440, de 2006, o nome da Senhora EUGENIA BARTHELMESS, Ministra de Primeira Classe da Carreira de Diplomata do Ministério das Relações Exteriores, para exercer o cargo de Embaixadora do Brasil junto à República de Singapura.",https://www25.senado.leg.br/web/atividade/materias/-/materia/137676
137677,senado,MSF 37/2019,2019,"Submete à apreciação do Senado Federal, de conformidade com o art. 52, inciso IV, da Constituição, e com o art. 39, combinado com o art. 41 da Lei nº 11.440, de 2006, o nome do Senhor ARY NORTON DE MURAT QUINTELLA, Ministro de Primeira Classe da Carreira de Diplomata do Ministério das Relações Exteriores, para exercer o cargo de Embaixador do Brasil junto à Malásia e, cumulativamente, junto ao Estado do Brunei Darussalam.",https://www25.senado.leg.br/web/atividade/materias/-/materia/137677
137421,senado,MSF 32/2019,2019,"Submete à apreciação do Senado Federal, de conformidade com o art. 52, inciso IV, da Constituição, e com o art. 39, combinado com o art. 46 da Lei nº 11.440, de 2006, o nome  da Senhora MARIA EDILEUZA FONTENELE REIS, para exercer o cargo de Embaixadora do Brasil na Bulgária e, cumulativamente, junto à  República da Macedônia do Norte.",https://www25.senado.leg.br/web/atividade/materias/-/materia/137421
137547,senado,MSF 35/2019,2019,"Submete à apreciação do Senado Federal, de conformidade com o art. 52, inciso IV, da Constituição, e com os arts. 39 e 41 da Lei nº 11.440, de 2006, a escolha do Senhor JOSÉ LUIZ MACHADO E COSTA, Ministro de Primeira Classe do Quadro Especial da Carreira de Diplomata do Ministério das Relações Exteriores, para exercer o cargo de Embaixador do Brasil na Hungria.",https://www25.senado.leg.br/web/atividade/materias/-/materia/137547
137056,senado,OFS 22/2019,2019,"Submete à apreciação do Senado Federal, nos termos do art. 103-B, inciso XII, da Constituição Federal, a indicação do Senhor ANDRÉ LUIS GUIMARÃES GODINHO, para compor o Conselho Nacional de Justiça, na vaga destinada à Ordem dos Advogados do Brasil.",https://www25.senado.leg.br/web/atividade/materias/-/materia/137056
137808,senado,OFS 34/2019,2019,"Encaminha, nos termos do art. 1º, § 2º a § 5º da Resolução do Senado Federal nº 42, de 2016, a indicação do Senhor DANIEL VELOSO COURI, para ocupar o cargo de Diretor da Instituição Fiscal Independente, em razão do término do mandato de Rodrigo Octávio Orair, a acontecer no dia 24 de julho de 2019.",https://www25.senado.leg.br/web/atividade/materias/-/materia/137808
136913,senado,PEC 82/2019,2019,"Modifica os arts. 93, 97 e 102 da Constituição Federal, para disciplinar os pedidos de vista nos tribunais e dispor sobre a declaração de inconstitucionalidade e a concessão de cautelares por tribunais.",https://www25.senado.leg.br/web/atividade/materias/-/materia/136913
137438,senado,PEC 98/2019,2019,"Altera os arts. 165 e 166 da Constituição Federal, para estabelecer o regime de execução obrigatória das programações que especifica; dá nova redação ao art. 20 da Constituição Federal e aos arts. 107 e 115 do Ato das Disposições Constitucionais Transitórias; e revoga o § 1º do art. 167 da Constituição Federal.",https://www25.senado.leg.br/web/atividade/materias/-/materia/137438
137153,senado,OFS 29/2019,2019,"Submete à apreciação do Senado Federal, nos termos do art. 103-B, inciso XII, da Constituição Federal, a indicação do Senhor MARCOS VINÍCIUS JARDIM RODRIGUES, para compor o Conselho Nacional de Justiça, na vaga destinada à Ordem dos Advogados do Brasil.",https://www25.senado.leg.br/web/atividade/materias/-/materia/137153
135775,senado,OFS 5/2019,2019,"Submete à apreciação do Senado Federal, nos termos do art. 130-A, inciso III, da Constituição Federal, a indicação do Senhor OSWALDO D'ALBUQUERQUE LIMA NETO, para compor o Conselho Nacional do Ministério Público - CNMP, no Biênio 2019/2021.",https://www25.senado.leg.br/web/atividade/materias/-/materia/135775
136534,senado,OFS 10/2019,2019,"Submete à apreciação do Senado Federal, nos termos do art. 103-B, inciso XI, da Constituição Federal, a indicação da Senhora IVANA FARINA NAVARRETE PENA, para compor o Conselho Nacional de Justiça, na vaga destinada a membro do Ministério Público estadual.",https://www25.senado.leg.br/web/atividade/materias/-/materia/136534
136533,senado,OFS 9/2019,2019,"Submete à apreciação do Senado Federal, nos termos do art. 130-A, inciso II, da Constituição Federal, a indicação do Senhor SEBASTIÃO VIEIRA CAIXETA, para compor o Conselho Nacional do Ministério Público, em vaga destinada à representação do Ministério Público do Trabalho, no biênio 2019/2021.",https://www25.senado.leg.br/web/atividade/materias/-/materia/136533
137361,senado,OFS 31/2019,2019,"Submete à apreciação do Senado Federal, nos termos do art. 130-A, inciso II, da Constituição Federal, e do art. 1º da Lei nº 11.372, de 2006, a indicação do Senhor SILVIO ROBERTO OLIVEIRA DE AMORIM JUNIOR, para compor o Conselho Nacional do Ministério Público.",https://www25.senado.leg.br/web/atividade/materias/-/materia/137361
135772,senado,OFS 4/2019,2019,"Submete à apreciação do Senado Federal, nos termos do art. 130-A, inciso III, da Constituição Federal, a indicação do Senhor RINALDO REIS LIMA, para compor o Conselho Nacional do Ministério Público - CNMP, no Biênio 2019/2021.",https://www25.senado.leg.br/web/atividade/materias/-/materia/135772
137114,senado,OFS 27/2019,2019,"Submete à apreciação do Senado Federal, nos termos do art. 130-A, inciso V, da Constituição Federal, a indicação da Senhora FERNANDA MARINELA DE SOUSA SANTOS, para compor o Conselho Nacional do Ministério Público, na vaga destinada à Ordem dos Advogados do Brasil, referente ao biênio 2019/2020.",https://www25.senado.leg.br/web/atividade/materias/-/materia/137114
137097,senado,OFS 26/2019,2019,"Submete à apreciação do Senado Federal, nos termos do art. 130-A, inciso III, da Constituição Federal, e de acordo com a Resolução nº 7, de 2005, do Senado Federal, a indicação da Senhora SANDRA KRIEGER GONÇALVES, para compor o Conselho Nacional do Ministério Público, na vaga destinada à Ordem dos Advogados do Brasil, referente ao biênio 2019/2020.",https://www25.senado.leg.br/web/atividade/materias/-/materia/137097
138071,senado,MSF 44/2019,2019,"Submete à apreciação do Senado Federal, de conformidade com o art. 52, inciso IV, da Constituição, e com o art. 39, combinado com o parágrafo único do art. 41 da Lei nº 11.440, de 2006, a escolha do Senhor LINEU PUPO DE PAULA, Ministro de Primeira Classe da Carreira de Diplomata do Ministério das Relações Exteriores, para exercer o cargo de Embaixador do Brasil junto à Bósnia e Herzegovina.",https://www25.senado.leg.br/web/atividade/materias/-/materia/138071
138062,senado,MSF 42/2019,2019,"Submete à apreciação do Senado Federal, de conformidade com o art. 52, inciso IV, da Constituição, e com o art. 39, combinado com o parágrafo único do art. 41 da Lei nº 11.440, de 2006, a escolha do Senhor RONALDO COSTA FILHO, Ministro de Primeira Classe da Carreira de Diplomata do Ministério das Relações Exteriores, para exercer o cargo de Representante Permanente do Brasil junto às Nações Unidas.",https://www25.senado.leg.br/web/atividade/materias/-/materia/138062
138068,senado,MSF 43/2019,2019,"Submete à apreciação do Senado Federal, de conformidade com o art. 52, inciso IV, da Constituição, e com o art. 39, combinado com o parágrafo único do art. 41, da Lei nº 11.440, de 2006, a escolha  da Senhora MARIA CLARA DUCLOS CARISIO, Ministra de Primeira Classe da Carreira de Diplomata do Ministério das Relações Exteriores, para exercer o cargo de Embaixadora do Brasil junto à República Cooperativa da Guiana.",https://www25.senado.leg.br/web/atividade/materias/-/materia/138068
135757,senado,OFS 3/2019,2019,"Submete à apreciação do Senado Federal, nos termos do art. 130-A, inciso III, da Constituição Federal, a recondução do Senhor LAURO MACHADO NOGUEIRA, para compor o Conselho Nacional do Ministério Público - CNMP, no Biênio 2019/2021.",https://www25.senado.leg.br/web/atividade/materias/-/materia/135757
136411,senado,OFS 7/2019,2019,"Submete à apreciação do Senado Federal, nos termos do art. 130-A, inciso II, da Constituição Federal, a indicação do Senhor DERMEVAL FARIAS GOMES FILHO, para compor o Conselho Nacional do Ministério Público, na vaga destinada a membros do Ministério Público do Distrito Federal e Territórios, referente ao biênio 2019/2021.",https://www25.senado.leg.br/web/atividade/materias/-/materia/136411
138688,senado,MSF 53/2019,2019,"Submete à apreciação do Senado Federal, em conformidade com o disposto nos arts. 84, inciso XIV, 52, inciso III, alínea “e”, e 128, § 1o, da Constituição, o nome do Senhor ANTÔNIO AUGUSTO BRANDÃO DE ARAS, para exercer o cargo de Procurador-Geral da República, na vaga decorrente do término do mandato da Senhora Raquel Elias Ferreira Dodge.",https://www25.senado.leg.br/web/atividade/materias/-/materia/138688
138730,senado,MSF 56/2019,2019,"Submete, em conformidade com o art. 52, inciso III, alínea ""f"", da Constituição Federal, combinado com o art. 6º da Lei nº 12.529, de 30 de novembro de 2011, o nome do Senhor SÉRGIO COSTA RAVAGNANI, para exercer o cargo de Conselheiro do Conselho Administrativo de Defesa Econômica – CADE, do Ministério da Justiça e Segurança Pública.",https://www25.senado.leg.br/web/atividade/materias/-/materia/138730
138733,senado,MSF 58/2019,2019,"Submete, em conformidade com o art. 52, inciso III, alínea ""f"", da Constituição Federal, combinado com o art. 6º da Lei nº 12.529, de 30 de novembro de 2011, o nome do Senhor LUIS HENRIQUE BERTOLINO BRAIDO, para exercer o cargo de Conselheiro do Conselho Administrativo de Defesa Econômica – CADE, do Ministério da Justiça e Segurança Pública.",https://www25.senado.leg.br/web/atividade/materias/-/materia/138733
137999,senado,PEC 6/2019,2019,"Modifica o sistema de previdência social, estabelece regras de transição e disposições transitórias, e dá outras providências.",https://www25.senado.leg.br/web/atividade/materias/-/materia/137999
138734,senado,MSF 59/2019,2019,"Submete, em conformidade com o art. 52, inciso III, alínea ""f"", da Constituição Federal, combinado com o art. 6º da Lei nº 12.529, de 30 de novembro de 2011, o nome do Senhor WALTER DE AGRA JÚNIOR, para ser reconduzido ao cargo de Procurador-Chefe do Conselho Administrativo de Defesa Econômica – CADE, do Ministério da Justiça e Segurança Pública.",https://www25.senado.leg.br/web/atividade/materias/-/materia/138734
138728,senado,MSF 54/2019,2019,"Submete, em conformidade com o art. 52, inciso III, alínea ""f"", da Constituição Federal, combinado com o art. 6º da Lei nº 12.529, de 30 de novembro de 2011, o nome da Senhora LENISA RODRIGUES PRADO, para exercer o cargo de Conselheira do Conselho Administrativo de Defesa Econômica – CADE, do Ministério da Justiça e Segurança Pública.",https://www25.senado.leg.br/web/atividade/materias/-/materia/138728
138729,senado,MSF 55/2019,2019,"Submete, em conformidade com o art. 52, inciso III, alínea ""f"", da Constituição Federal, combinado com o art. 6º da Lei nº 12.529, de 30 de novembro de 2011, o nome do Senhor ALEXANDRE CORDEIRO MACEDO, para ser reconduzido ao cargo de Superintendente-Geral do Conselho Administrativo de Defesa Econômica – CADE, do Ministério da Justiça e Segurança Pública.",https://www25.senado.leg.br/web/atividade/materias/-/materia/138729
138732,senado,MSF 57/2019,2019,"Submete, em conformidade com o art. 52, inciso III, alínea ""f"", da Constituição Federal, combinado com o art. 6º da Lei nº 12.529, de 30 de novembro de 2011, o nome do Senhor LUIZ AUGUSTO AZEVEDO DE ALMEIDA HOFFMANN, para exercer o cargo de Conselheiro do Conselho Administrativo de Defesa Econômica – CADE, do Ministério da Justiça e Segurança Pública.",https://www25.senado.leg.br/web/atividade/materias/-/materia/138732
122909,senado,PLC 113/2015,2015,"Acrescenta dispositivos à Lei Complementar n° 123, de 14 de dezembro de 2006, que institui o Estatuto Nacional da Microempresa e da Empresa de Pequeno Porte, com o objetivo de autorizar a constituição de sociedade de garantia solidária, e dá outras providências.",https://www25.senado.leg.br/web/atividade/materias/-/materia/122909
137305,senado,PEC 95/2019,2019,Prorroga o prazo de vigência do regime especial de pagamento de precatórios previsto no art. 101 do Ato das Disposições Constitucionais Transitórias e dá outras providências.,https://www25.senado.leg.br/web/atividade/materias/-/materia/137305
138564,senado,MSF 47/2019,2019,"Submete à apreciação do Senado Federal, de conformidade com o art. 52, inciso IV, da Constituição, e com o art. 39, combinado com o parágrafo único do art. 41 da Lei nº 11.440, de 2006, o nome do Senhor LUÍS ANTONIO BALDUINO CARNEIRO, Ministro de Primeira Classe da Carreira de Diplomata do Ministério das Relações Exteriores, para exercer o cargo de Embaixador do Brasil na República da Colômbia.",https://www25.senado.leg.br/web/atividade/materias/-/materia/138564
138202,senado,OFS 35/2019,2019,"Submete à apreciação do Senado Federal, nos termos do art. 103-B, incisos IV e V, da Constituição Federal, o nome do Desembargador LUIZ FERNANDO TOMASI KEPPEN, para compor o Conselho Nacional de Justiça – CNJ.",https://www25.senado.leg.br/web/atividade/materias/-/materia/138202
139277,senado,PL 5478/2019,2019,"Estabelece critérios de distribuição dos valores arrecadados com os leilões dos volumes excedentes ao limite a que se refere o § 2º do art. 1º da Lei nº 12.276, de 30 de junho de 2010, e dá outras providências.",https://www25.senado.leg.br/web/atividade/materias/-/materia/139277
138203,senado,OFS 36/2019,2019,"Submete à apreciação do Senado Federal, nos termos do art. 103-B, incisos IV e V, da Constituição Federal, o nome do Juiz de Direito MÁRIO AUGUSTO FIGUEIREDO DE LACERDA GUERREIRO, para compor o Conselho Nacional de Justiça – CNJ.",https://www25.senado.leg.br/web/atividade/materias/-/materia/138203
138567,senado,MSF 50/2019,2019,"Submete à apreciação do Senado Federal, de conformidade com o art. 52, inciso IV, da Constituição, e com o art. 39, combinado com o parágrafo único do art. 41 da Lei nº 11.440, de 2006, a escolha do Senhor MAURO LUIZ IECKER VIEIRA, Ministro de Primeira Classe do Quadro Especial da Carreira de Diplomata do Ministério das Relações Exteriores, para exercer o cargo de Embaixador do Brasil junto à República da Croácia.",https://www25.senado.leg.br/web/atividade/materias/-/materia/138567
138849,senado,MSF 64/2019,2019,"Submete à apreciação do Senado Federal, de conformidade com o art. 52, inciso IV, da Constituição, e com o art. 39, combinado com o parágrafo único do art. 41, da Lei nº 11.440, de 2006, o nome do Senhor CARLOS RICARDO MARTINS CEGLIA, Ministro de Primeira Classe da Carreira de Diplomata do Ministério das Relações Exteriores, para exercer o cargo de Embaixador do Brasil junto à República da Turquia.",https://www25.senado.leg.br/web/atividade/materias/-/materia/138849
139101,senado,MSF 79/2019,2019,"Submete à consideração do Senado Federal, nos termos do art. 84, inciso XIV, combinado com o art. 52, inciso III, alínea d, da Constituição, o nome do Senhor FÁBIO KANCZUK para exercer o cargo de Diretor do Banco Central do Brasil.",https://www25.senado.leg.br/web/atividade/materias/-/materia/139101
138572,senado,MSF 51/2019,2019,"Submete à apreciação do Senado Federal, de conformidade com o art. 52, inciso IV, da Constituição, e com o art. 39, combinado com o parágrafo único do art. 41 da Lei nº 11.440, de 2006, a escolha do Senhor EDUARDO RICARDO GRADILONE NETO, Ministro de Primeira Classe do Quadro Especial da Carreira de Diplomata do Ministério das Relações Exteriores, para exercer o cargo de Embaixador do Brasil junto à República Eslovaca.",https://www25.senado.leg.br/web/atividade/materias/-/materia/138572
139014,senado,MSF 73/2019,2019,"Submete à apreciação do Senado Federal, de conformidade com o art. 52, inciso IV, da Constituição, e com o art. 39, combinado com o parágrafo único do art. 41, da Lei nº 11.440, de 2006, a escolha do Senhor PEDRO HENRIQUE LOPES BORIO, Ministro de Primeira Classe da Carreira de Diplomata do Ministério das Relações Exteriores, para exercer o cargo de Embaixador do Brasil no Canadá.",https://www25.senado.leg.br/web/atividade/materias/-/materia/139014
136775,senado,PEC 75/2019,2019,"Altera o inciso XLII do art. 5º da Constituição Federal, para tornar imprescritível o crime de feminicídio.",https://www25.senado.leg.br/web/atividade/materias/-/materia/136775
138555,senado,PEC 133/2019,2019,"Permite que os Estados, o Distrito Federal e os Municípios adotem em seus regimes próprios de previdência social as mesmas regras aplicáveis ao regime próprio da União; modifica renúncias previdenciárias; prevê benefício da Seguridade Social à criança vivendo em situação de pobreza; e dá outras providências.",https://www25.senado.leg.br/web/atividade/materias/-/materia/138555
138845,senado,MSF 60/2019,2019,"Submete à apreciação do Senado Federal, de conformidade com o art. 52, inciso IV, da Constituição, e com o art. 39, combinado com o parágrafo único do art. 41, da Lei nº 11.440, de 2006, a indicação do Senhor CLAUDIO RAJA GABAGLIA LINS, Ministro de Primeira Classe da Carreira de Diplomata do Ministério das Relações Exteriores, para exercer o cargo de Embaixador do Brasil na Comunidade das Bahamas.",https://www25.senado.leg.br/web/atividade/materias/-/materia/138845
138846,senado,MSF 61/2019,2019,"Submete à apreciação do Senado Federal, de conformidade com o art. 52, inciso IV, da Constituição, e com o art. 39, combinado com o parágrafo único do art. 41, da Lei nº 11.440, de 2006, a indicação do Senhor SERGIO LUIZ CANAES, Ministro de Primeira Classe do Quadro Especial da Carreira de Diplomata do Ministério das Relações Exteriores, para exercer o cargo de Embaixador do Brasil junto à República Democrática Socialista do Sri Lanka e, cumulativamente, à República das Maldivas.",https://www25.senado.leg.br/web/atividade/materias/-/materia/138846
138565,senado,MSF 48/2019,2019,"Submete à apreciação do Senado Federal, de conformidade com o art. 52, inciso IV, da Constituição, e com o art. 39, combinado com o parágrafo único do art. 41, da Lei no 11.440, de 2006, a indicação do Senhor EDUARDO AUGUSTO IBIAPINA DE SEIXAS, Ministro de Primeira Classe do Quadro Especial da Carreira de Diplomata do Ministério das Relações Exteriores, para exercer o cargo de Embaixador do Brasil junto à República de Chipre.",https://www25.senado.leg.br/web/atividade/materias/-/materia/138565
137315,senado,PLP 55/2019,2019,"Altera a Lei Complementar nº 160, de 7 de agosto de 2017, para permitir a prorrogação, por até 15 (quinze) anos, das isenções, dos incentivos e dos benefícios fiscais ou financeiro-fiscais vinculados ao Imposto sobre Operações Relativas à Circulação de Mercadorias e sobre Prestações de Serviços de Transporte Interestadual e Intermunicipal e de Comunicação (ICMS) e destinados a templos de qualquer culto e a entidades beneficentes de assistência social.",https://www25.senado.leg.br/web/atividade/materias/-/materia/137315
138848,senado,MSF 63/2019,2019,"Submete à apreciação do Senado Federal, de conformidade com o art. 52, inciso IV, da Constituição, e com o art. 39, combinado com o parágrafo único do art. 41, da Lei nº 11.440, de 29 de dezembro de 2006, a indicação do Senhor RUBEM ANTONIO CORREA BARBOSA, Ministro de Primeira Classe do Quadro Especial da Carreira de Diplomata do Ministério das Relações Exteriores, para exercer o cargo de Embaixador do Brasil junto à República do Cazaquistão e, cumulativamente, junto à República Quirguiz e ao Turcomenistão.",https://www25.senado.leg.br/web/atividade/materias/-/materia/138848
136532,senado,OFS 8/2019,2019,"Submete à apreciação do Senado Federal, nos termos do art. 130-A, inciso II, da Constituição Federal, a indicação do Senhor MARCELO WEITZEL RABELLO DE SOUZA, para compor o Conselho Nacional do Ministério Público, em vaga destinada à representação do Ministério Público Militar, no biênio 2019/2021.",https://www25.senado.leg.br/web/atividade/materias/-/materia/136532
139098,senado,OFS 39/2019,2019,"Submete à apreciação do Senado Federal, nos termos do art. 103-B, incisos VIII e IX, da Constituição Federal, o nome da Juíza do Trabalho FLÁVIA MOREIRA GUIMARÃES PESSOA, para compor o Conselho Nacional de Justiça – CNJ.",https://www25.senado.leg.br/web/atividade/materias/-/materia/139098
139097,senado,OFS 38/2019,2019,"Submete à apreciação do Senado Federal, nos termos do art. 103-B, incisos VIII e IX, da Constituição Federal, o nome da Desembargadora TÂNIA REGINA SILVA RECKZIEGEL, para compor o Conselho Nacional de Justiça – CNJ.",https://www25.senado.leg.br/web/atividade/materias/-/materia/139097
138566,senado,MSF 49/2019,2019,"Submete à apreciação do Senado Federal, de conformidade com o art. 52, inciso IV, da Constituição, e com o art. 39, combinado com o art. 46 da Lei nº 11.440, de 2006, o nome do Senhor JOSÉ AMIR DA COSTA DORNELLES, Ministro de Segunda Classe do Quadro Especial da Carreira de Diplomata do Ministério das Relações Exteriores, para exercer o cargo de Embaixador do Brasil junto à República da Indonésia.",https://www25.senado.leg.br/web/atividade/materias/-/materia/138566
138847,senado,MSF 62/2019,2019,"Submete à apreciação do Senado Federal, de conformidade com o art. 52, inciso IV, da Constituição, e com o art. 39, combinado com o art. 46 da Lei nº 11.440, de 2006, o nome da Senhora VERA LUCIA DOS SANTOS CAMINHA CAMPETTI, Ministra de Segunda Classe do Quadro Especial da Carreira de Diplomata do Ministério das Relações Exteriores, para exercer o cargo de Embaixadora do Brasil junto a Barbados.",https://www25.senado.leg.br/web/atividade/materias/-/materia/138847
139544,senado,MSF 81/2019,2019,"Submete à apreciação do Senado Federal, de conformidade com o art. 52, inciso IV, da Constituição, e com o art. 39, combinado com o parágrafo único do art. 41, da Lei no 11.440, de 29 de dezembro de 2006, o nome do Senhor MARCELO BAUMBACH, Ministro de Primeira Classe da Carreira de Diplomata do Ministério das Relações Exteriores, para exercer o cargo de Embaixador do Brasil na República do Haiti.",https://www25.senado.leg.br/web/atividade/materias/-/materia/139544
139897,senado,PEC 48/2019 (fase 2),2019,"Acrescenta o art. 166-A na Constituição Federal, para autorizar a transferência de recursos federais a Estados, ao Distrito Federal e a Municípios mediante emendas ao projeto de lei orçamentária anual.",https://www25.senado.leg.br/web/atividade/materias/-/materia/139897
137122,senado,PLP 147/2019,2019,Altera dispositivo da Lei Complementar nº 123 de 14 de dezembro de 2006 que “Institui o Estatuto Nacional da Microempresa e da Empresa de Pequeno Porte”.,https://www25.senado.leg.br/web/atividade/materias/-/materia/137122
124513,senado,PLS 796/2015,2015,"Altera a redação do art. 1º da Lei Complementar nº 146, de 25 de junho de 2014, para estender a estabilidade provisória no emprego para as empregadas adotantes ou que venham a obter a guarda judicial para fins de adoção.",https://www25.senado.leg.br/web/atividade/materias/-/materia/124513
