id_proposicao,id_votacao,casa,obj_votacao,data_hora,votacao_secreta,apelido,status_importante,url_votacao
16526,168392211,camara,REQUERIMENTO DE ADIAMENTO DA VOTAÇÃO POR 2 SESSÕES,2019-06-17 22:11,0,NA,0,NA
16526,168391926,camara,REQUERIMENTO DE RETIRADA DE PAUTA,2019-06-17 19:26,0,NA,0,NA
16526,169231719,camara,DTQ 9 - NOVO - ART. 25 DO SUBSTITUTIVO,2019-09-11 17:19,0,NA,0,NA
16526,169231943,camara,DTQ 21 - PCdoB - EMENDA Nº 48,2019-09-11 19:43,0,NA,0,NA
16526,169242027,camara,DTQ 15 - PSD - EMENDA Nº 36,2019-09-11 20:27,0,NA,0,NA
16526,169242055,camara,DTQ 13 - REPUBLICANOS - EMENDA Nº 3,2019-09-11 20:55,0,NA,0,NA
16526,169281834,camara,"DTQ 27 - PDT - EXP. ""... EM PERCENTUAL EQUIVALENTE A ATÉ 30%..."" - ART. 97",2019-09-17 18:34,0,NA,0,NA
28692,167471911,camara,DTQ. 7 - BL. PDT - §1º DO ART. 2º DA SUBEMENDA SUBSTITUTIVA,2019-03-12 19:11,0,NA,0,NA
28692,167471744,camara,REQUERIMENTO DE ADIAMENTO DA VOTAÇÃO POR 2 SESSÕES,2019-03-12 17:44,0,NA,0,NA
358126,170132052,camara,REQUERIMENTO DE ADIAMENTO DA VOTAÇÃO POR 2 SESSÕES,2019-12-09 20:52,0,NA,0,NA
358126,170142142,camara,REQUERIMENTO DE RETIRADA DE PAUTA,2019-12-09 21:42,0,NA,0,NA
516111,168281245,camara,EMENDA AGLUTINATIVA Nº 1,2019-06-05 12:45,0,NA,0,NA
516111,168281334,camara,PROPOSTA DE EMENDA À CONSTITUIÇÃO - 2º TURNO,2019-06-05 13:34,0,NA,0,NA
516111,168281322,camara,EMENDA DE REDAÇÃO Nº 1,2019-06-05 13:22,0,NA,0,NA
946494,167612120,camara,PROPOSTA DE EMENDA À CONSTITUIÇÃO - SEGUNDO TURNO,2019-03-26 21:20,0,NA,0,NA
946494,167612104,camara,"DTQ. 1 - BLOCO PSL - §11 DO ART. 165, CONST. DO ART. 1º DO SUBSTITUTIVO",2019-03-26 21:04,0,NA,0,NA
946494,167612109,camara,"DTQ. 2 - BLOCO PSL - EXP. ""NOS TERMOS DE LEI COMPLEMENTAR"", ...",2019-03-26 21:09,0,NA,0,NA
946494,167612052,camara,SUBSTITUTIVO DA COMISSÃO ESPECIAL,2019-03-26 20:52,0,NA,0,NA
946494,167612117,camara,EMENDAS DE REDAÇÃO DE NºS 1 A 4,2019-03-26 21:17,0,NA,0,NA
1672576,167541722,camara,REQUERIMENTO DE ADIAMENTO DA VOTAÇÃO POR 2 SESSÕES,2019-03-20 17:22,0,NA,0,NA
1672576,167541738,camara,REQUERIMENTO DE VOTAÇÃO ARTIGO POR ARTIGO,2019-03-20 17:38,0,NA,0,NA
1672576,167521917,camara,REQUERIMENTO DE RETIRADA DE PAUTA,2019-03-19 19:17,0,NA,0,NA
1672576,167521839,camara,REQUERIMENTO DE VOTAÇÃO NOMINAL DO REQ. DE RETIRADA DE PAUTA,2019-03-19 18:39,0,NA,0,NA
1672576,167612023,camara,"DTQ 15 - PSOL - EXP ""181"" CONST. DO INC. III, DO ART. 10 DO SUBSTITUTIVO",2019-03-26 20:23,0,NA,0,NA
1672576,167552030,camara,DTQ 23 - PT - EMENDA DE PLENÁRIO Nº 17,2019-03-20 20:30,0,NA,0,NA
1672576,167541651,camara,REQUERIMENTO DE RETIRADA DE PAUTA,2019-03-20 16:51,0,NA,0,NA
1672576,167532027,camara,REQUERIMENTO DE ENCERRAMENTO DA DISCUSSÃO E DO ENCAMINHAMENTO,2019-03-19 20:27,0,NA,0,NA
1672576,167552050,camara,DTQ 28 - BLOCO PDT - EMENDA DE PLENÁRIO Nº 3,2019-03-20 20:50,0,NA,0,NA
1672576,167541852,camara,SUBEMENDA SUBSTITUTIVA GLOBAL DE PLENÁRIO,2019-03-20 18:52,0,NA,0,NA
1672576,167541810,camara,"VOTAÇÃO DA ADMISSIBILIDADE, EM GLOBO, DOS DESTAQUES SIMPLES",2019-03-20 18:10,0,NA,0,NA
1672576,167541940,camara,"DTQ 31 - NOVO - EXP ""BRASILEIROS MEDIANTE CONTRATO DE TRABALHO....""",2019-03-20 19:40,0,NA,0,NA
1672576,167601836,camara,"DTQ 33 - PPS - EXP ""ESTABELECIDOS NA LEGISLAÇÃO E REGULAMENTAÇÃO....""",2019-03-26 18:36,0,NA,0,NA
1672576,167552007,camara,REQUERIMENTO DE RETIRADA DE PAUTA,2019-03-20 20:07,0,NA,0,NA
1672576,167601800,camara,DTQ 35 - BLOCO PSL- EMENDA DE PLENÁRIO Nº 15,2019-03-26 18:00,0,NA,0,NA
2075448,169962040,camara,REQUERIMENTO DE RETIRADA DE PAUTA,2019-11-26 20:40,0,NA,0,NA
2082511,170012231,camara,DTQ 2 - PSL - EMENDA DE PLENÁRIO Nº 2,2019-11-27 22:31,0,NA,0,NA
2083376,167301033,camara,REQUERIMENTO DE RETIRADA DE PAUTA,2019-02-14 10:33,0,NA,0,NA
2136580,168962210,camara,DTQ. 2 - PSL - ART.4º DO PL,2019-08-14 22:10,0,NA,0,NA
2147241,168592030,camara,PROJETO DE LEI,2019-07-09 20:30,0,NA,0,NA
2147241,168591741,camara,REQUERIMENTO DE RETIRADA DE PAUTA,2019-07-09 17:41,0,NA,0,NA
2147241,168581620,camara,REQ. DE VOT. NOMINAL DO REQ. DE ADIAMENTO DA VOTAÇÃO POR 2 SESSÕES,2019-07-09 16:20,0,NA,0,NA
2147241,169022255,camara,DTQ 2 - PT - §1º DO ART. 1º DO PL Nº 6.298/2016 APENSADO,2019-08-20 22:55,0,NA,0,NA
2147241,168591905,camara,REQ. DE VOTAÇÃO EM GLOBO DA ADMISSIBILIDADE DOS DESTAQUES SIMPLES,2019-07-09 19:05,0,NA,0,NA
2147241,168591817,camara,REQUERIMENTO DE VOTAÇÃO ARTIGO POR ARTIGO,2019-07-09 18:17,0,NA,0,NA
2147241,168591940,camara,VOTAÇÃO EM GLOBO  DA ADMISSIBILIDADE DOS DESTAQUES SIMPLES,2019-07-09 19:40,0,NA,0,NA
2147241,169022236,camara,"DTQ 6 - PT - EXP ""E ESPORTIVAS"", CONST. DO ART. 1º DA LEI 13.364/16...",2019-08-20 22:36,0,NA,0,NA
2147241,169022317,camara,DTQ 4 - PT - ART. 4º DO PL 8.240/17,2019-08-20 23:17,0,NA,0,NA
2158536,168581423,camara,URGÊNCIA PARA APRECIAÇÃO DO PL Nº 8240/17,2019-07-09 14:23,0,NA,0,NA
2158716,169552258,camara,PROPOSTA DE EMENDA À CONSTITUIÇÃO - PRIMEIRO TURNO,2019-10-09 22:58,0,NA,0,NA
2158716,169832318,camara,PROPOSTA DE EMENDA A CONSTITUIÇÃO - SEGUNDO TURNO,2019-11-06 23:18,0,NA,0,NA
2158716,169832334,camara,"DTQ 1 - PL - EXP: ""ALÉM DE OUTRAS ATRIBUIÇÕES...""",2019-11-06 23:34,0,NA,0,NA
2160860,167341919,camara,DTQ. 10 - PSOL - ART. 1º DO SUBSTITUTIVO,2019-02-19 19:19,0,NA,0,NA
2160860,167351702,camara,DTQ. 6 - PT - ART. 4º DA LEI 12.414/2011 CONST. DO ART. 2º DO SUBTITUTIVO,2019-02-20 17:02,0,NA,0,NA
2160860,167351743,camara,DTQ. 14 - PP - EMENDA DE PLENÁRIO Nº 10,2019-02-20 17:43,0,NA,0,NA
2160860,167351811,camara,DTQ. 7 - PDT - EMENDA DE PLENÁRIO Nº 6,2019-02-20 18:11,0,NA,0,NA
2160860,167351844,camara,"DTQ. 12 - PT - INC. V, CONST. DO ART. 5º DA LEI Nº 12.414/2011",2019-02-20 18:44,0,NA,0,NA
2160860,167351938,camara,DTQ. 11 - PCdoB - ART. 16 DA LEI Nº 12.414/2011,2019-02-20 19:38,0,NA,0,NA
2160860,167362029,camara,DTQ. 5 - PT - EMENDA DE PLENÁRIO Nº 2,2019-02-20 20:29,0,NA,0,NA
2160860,167362049,camara,"DTQ. 1 - PSB - INC. III, DO ART. 3º",2019-02-20 20:49,0,NA,0,NA
2160860,167341815,camara,EMENDAS DE NºS 6 E 8 COM PARECER PELA REJEIÇÃO,2019-02-19 18:15,0,NA,0,NA
2160860,167351906,camara,"DTQ. 15 - PSB - §7º DO ART. 12 DA LEI Nº 12.414/2011, CONT. NO ART. 2º DO PLP",2019-02-20 19:06,0,NA,0,NA
2160860,167351622,camara,REQUERIMENTO DE RETIRADA DE PAUTA,2019-02-20 16:22,0,NA,0,NA
2160860,167362006,camara,REQUERIMENTO DE RETIRADA DE PAUTA,2019-02-20 20:06,0,NA,0,NA
2163986,169611854,camara,URGÊNCIA PARA APRECIAÇÃO DO PL Nº 7.789/2017,2019-10-16 18:54,0,NA,0,NA
2164719,169611911,camara,URGÊNCIA PARA APRECIAÇÃO DO PL Nº 7.843/2017,2019-10-16 19:11,0,NA,0,NA
2165194,170271709,camara,EMENDA Nº 1,2019-12-17 17:09,0,NA,0,NA
2165194,170271655,camara,REQUERIMENTO DE RETIRADA DE PAUTA,2019-12-17 16:55,0,NA,0,NA
2165194,170271716,camara,PROPOSTA DE EMENDA À CONSTITUIÇÃO - PRIMEIRO TURNO,2019-12-17 17:16,0,NA,0,NA
2165194,170271707,camara,PREFERÊNCIA P/ VOTAÇÃO DA PEC Nº 215/16,2019-12-17 17:07,0,NA,0,NA
2166600,170062121,camara,REQUERIMENTO DE VOTAÇÃO ARTIGO POR ARTIGO,2019-12-02 21:21,0,NA,0,NA
2166600,170062144,camara,SUBEMENDA SUBSTITUTIVA DE PLENÁRIO,2019-12-02 21:44,0,NA,0,NA
2166600,170271627,camara,EMA 3: PSL: EMENDA AGLUTINATIVA Nº 3,2019-12-17 16:27,0,NA,0,NA
2166600,170271644,camara,"DTQ 8: PSL: EXPRESSÃO ""DE ADOÇÃO FACULTATIVA PELOS MUNICÍPIOS...",2019-12-17 16:44,0,NA,0,NA
2166600,170271639,camara,DTQ 9: PSL: ART. 2º DO SUBSTITUTIVO,2019-12-17 16:39,0,NA,0,NA
2178170,170092033,camara,SUBSTITUTIVO DA COMISSÃO ESPECIAL,2019-12-04 20:33,0,NA,0,NA
2178170,170092132,camara,"DTQ 1 - NOVO - ART. 3º-B, CONST. ART. 3º DO SUBSTITUTIVO",2019-12-04 21:32,0,NA,0,NA
2179189,167271611,camara,REQUERIMENTO DE RETIRADA DE PAUTA,2019-02-12 16:11,0,NA,0,NA
2179189,167271717,camara,REQUERIMENTO DE ADIAMENTO DA DISCUSSÃO POR 2 SESSÕES,2019-02-12 17:17,0,NA,0,NA
2183943,167281821,camara,"DTQ 12 - BL. PDT - ART. 22, INSERIDO NO ART. 6º DA MPV...",2019-02-13 18:21,0,NA,0,NA
2186621,168451756,camara,REQUERIMENTO DE VOTAÇÃO NOMINAL DO REQ. DE RETIRADA DE PAUTA,2019-06-26 17:56,0,NA,0,NA
2186621,168451913,camara,DTQ 4 - NOVO - ART. 3º DO PL 10.985/2018,2019-06-26 19:13,0,NA,0,NA
2186621,168462030,camara,DTQ 6 - PSL - ART. 4º DO PL 10.985/2018,2019-06-26 20:30,0,NA,0,NA
2187087,169301818,camara,REQUERIMENTO DE RETIRADA DE PAUTA,2019-09-18 18:18,0,NA,0,NA
2187087,169312115,camara,REQUERIMENTO DE VOTAÇÃO DAS EMENDAS UMA A UMA,2019-09-18 21:15,0,NA,0,NA
2187087,169312202,camara,"DTQ 1: NOVO - EMENDA SUPRESSIVA DO SENADO FEDERAL, QUE SUPRIMIU O ART. 44...",2019-09-18 22:02,0,NA,0,NA
2187087,169301912,camara,REQUERIMENTO DE ADIAMENTO DA DISCUSSÃO POR 2 SESSÕES,2019-09-18 19:12,0,NA,0,NA
2187087,169312222,camara,DTQ 2: PSL - EMENDA DO SENADO FEDERAL QUE SUPRIME O INCISO X DO ART. 44...,2019-09-18 22:22,0,NA,0,NA
2187087,169312233,camara,DTQ 3: PSL - EMENDA DO SENADO FEDERAL QUE SUPRIME O ART. 11 DA LEI Nº 9504/97,2019-09-18 22:33,0,NA,0,NA
2187087,169312209,camara,DTQ 4: PSL - EMENDA DO SENADO FEDERAL QUE SUPRIME O INCISO VIII DO ART. 44...,2019-09-18 22:09,0,NA,0,NA
2187087,169301957,camara,REQUERIMENTO DE ADIAMENTO DA VOTAÇÃO POR 2 SESSÕES,2019-09-18 19:57,0,NA,0,NA
2187087,169312255,camara,DTQ 5: PSOL - VOTAÇÃO DA EMENDA SUPRESSIVA  REFERENTE AO ART. 26...,2019-09-18 22:55,0,NA,0,NA
2187087,169312244,camara,DTQ 6: CIDADANIA - EMENDA DO SF QUE SUPRIME O PARÁGRAFO ÚNICO DO ART. 18-A...,2019-09-18 22:44,0,NA,0,NA
2187087,169312306,camara,DTQ 7: PODEMOS - EMENDA SUPRESSIVA REFERENTE AO PARÁGRAFO ÚNICO DO ART. 3º...,2019-09-18 23:06,0,NA,0,NA
2187087,169312059,camara,REQUERIMENTO DE RETIRADA DE PAUTA,2019-09-18 20:59,0,NA,0,NA
2187087,169312143,camara,EMENDAS SUPRESSIVAS COM PARECER PELA REJEIÇÃO,2019-09-18 21:43,0,NA,0,NA
2188301,167992040,camara,REQUERIMENTO DE RETIRADA DE PAUTA,2019-05-07 20:40,0,NA,0,NA
2188301,167992055,camara,PROJETO DE LEI DE CONVERSÃO Nº 5/2019,2019-05-07 20:55,0,NA,0,NA
2188301,167981841,camara,PARECER DA C.M P/ ATEND. DOS PRESSUPOSTOS CONSTITUCIONAIS...,2019-05-07 18:41,0,NA,0,NA
2188301,167981722,camara,REQUERIMENTO DE ADIAMENTO DA VOTAÇÃO POR 2 SESSÕES,2019-05-07 17:22,0,NA,0,NA
2188301,167981748,camara,REQUERIMENTO DE VOTAÇÃO ARTIGO POR ARTIGO,2019-05-07 17:48,0,NA,0,NA
2188301,167992141,camara,"DTQ 2: PT: PARÁGRAFO ÚNICO, DO ART. 1º DO PLV",2019-05-07 21:41,0,NA,0,NA
2188301,167992229,camara,DTQ 1: PT: ART. 7º DO PLV,2019-05-07 22:29,0,NA,0,NA
2188301,167981904,camara,REQ. DE VOTAÇÃO EM GLOBO DA ADMISSIBILIDADE DOS DESTAQUES SIMPLES,2019-05-07 19:04,0,NA,0,NA
2188301,167981925,camara,VOTAÇÃO DA ADMISSIBILIDADE EM GLOBO DOS DESTAQUES SIMPLES,2019-05-07 19:25,0,NA,0,NA
2189858,168101803,camara,REQUERIMENTO DE RETIRADA DE PAUTA,2019-05-21 18:03,0,NA,0,NA
2189858,168101907,camara,REQUERIMENTO DE VOTAÇÃO ARTIGO POR ARTIGO,2019-05-21 19:07,0,NA,0,NA
2189858,168101724,camara,REQUERIMENTO DE VOTAÇÃO NOMINAL DO REQ. DE RETIRADA DE PAUTA,2019-05-21 17:24,0,NA,0,NA
2189858,168112153,camara,DTQ. 5 - PSB - EMENDA Nº 21,2019-05-21 21:53,0,NA,0,NA
2189858,168101831,camara,REQUERIMENTO DE ADIAMENTO DA VOTAÇÃO POR 2 SESSÕES,2019-05-21 18:31,0,NA,0,NA
2190190,169381721,camara,DTQ 13 - PSOL - §2º DO ARTIGO 6º DO PLV,2019-09-25 17:21,0,NA,0,NA
2190237,168181939,camara,REQUERIMENTO DE RETIRADA DE PAUTA,2019-05-28 19:39,0,NA,0,NA
2190237,168181850,camara,REQUERIMENTO DE VOTAÇÃO NOMINAL DO REQ. DE RETIRADA DE PAUTA,2019-05-28 18:50,0,NA,0,NA
2190237,168192147,camara,PARECER DA C.M P/ ATEND. DOS PRESSUPOSTOS CONSTITUCIONAIS...,2019-05-28 21:47,0,NA,0,NA
2190237,168201630,camara,PROJETO DE LEI DE CONVERSÃO Nº 9/2019,2019-05-29 16:30,0,NA,0,NA
2190237,168192102,camara,REQUERIMENTO DE ADIAMENTO DA VOTAÇÃO POR 2 SESSÕES,2019-05-28 21:02,0,NA,0,NA
2190237,168192119,camara,REQUERIMENTO DE VOTAÇÃO ARTIGO POR ARTIGO,2019-05-28 21:19,0,NA,0,NA
2190237,168211755,camara,"DTQ. 1 - PT - INC. III DO §3º DO ART. 34 DA LEI 12651/12, CONST. DO ...",2019-05-29 17:55,0,NA,0,NA
2190237,168211808,camara,"DTQ. 2 - PT - ART. 42 DA LEI 12651/12, CONST. DO ART. 1º DO PLV",2019-05-29 18:08,0,NA,0,NA
2190237,168211825,camara,"DTQ. 3 - PT - ART. 59 DA LEI 12651/12, CONST. DO ART. 1º DO PLV",2019-05-29 18:25,0,NA,0,NA
2190237,168201458,camara,DTQ. 4 - CIDADANIA - PREFERÊNCIA PARA VOTAÇÃO DA MPV,2019-05-29 14:58,0,NA,0,NA
2190237,168201709,camara,"DTQ. 7 - PSB - §3º DO ART. 68 DA LEI 12651/2012, CONST. DO ART. 1º DO PLV",2019-05-29 17:09,0,NA,0,NA
2190237,168211900,camara,"DTQ. 8 - PSB - §13º DO ART. 59 DA LEI 12651/2012, CONST. DO ART. 1º DO PLV",2019-05-29 19:00,0,NA,0,NA
2190237,168201534,camara,REQ. DE VOTAÇÃO EM GLOBO DA ADMISSIBILIDADE DOS DESTAQUES SIMPLES,2019-05-29 15:34,0,NA,0,NA
2190237,168201559,camara,VOTAÇÃO DA ADMISSIBILIDADE EM GLOBO DOS DESTAQUES SIMPLES,2019-05-29 15:59,0,NA,0,NA
2190237,168211912,camara,DTQ. 9 - PCdoB - ART. 60-A DO PLV,2019-05-29 19:12,0,NA,0,NA
2190237,168211921,camara,"DTQ. 10 - BLOCO PP/MDB/PTB - EXP: ""PORÉM, EM CASO DE ...""",2019-05-29 19:21,0,NA,0,NA
2190237,168211847,camara,DTQ. 11 - PSOL - §9º DO ART. 59,2019-05-29 18:47,0,NA,0,NA
2190237,168201645,camara,DTQ. 12 - BLOCO PP - PREFERÊNCIA PARA O DTQ. Nº 7...,2019-05-29 16:45,0,NA,0,NA
2190237,168192044,camara,REQUERIMENTO DE ENCERRAMENTO DA DISCUSSÃO E DO ENCAMINHAMENTO,2019-05-28 20:44,0,NA,0,NA
2190237,168192026,camara,REQUERIMENTO DE RETIRADA DE PAUTA,2019-05-28 20:26,0,NA,0,NA
2190237,168201251,camara,REQUERIMENTO DE RETIRADA DE PAUTA,2019-05-29 12:51,0,NA,0,NA
2190237,168201412,camara,PARECER DA C.M P/ NÃO ATEND. DOS PRESSUPOSTOS CONSTITUCIONAIS...,2019-05-29 14:12,0,NA,0,NA
2190237,168211736,camara,REQUERIMENTO DE RETIRADA DE PAUTA,2019-05-29 17:36,0,NA,0,NA
2190288,168132014,camara,"DTQ. 9 - PODEMOS - ART. 38, VII, DA MPV",2019-05-22 20:14,0,NA,0,NA
2190288,168121634,camara,REQ. PARA QUE TODAS AS VOTAÇÕES SEJA PELO PROCESSO NOMINAL,2019-05-22 16:34,0,NA,0,NA
2190355,168211957,camara,REQUERIMENTO DE RETIRADA DE PAUTA,2019-05-29 19:57,0,NA,0,NA
2190355,168222225,camara,DTQ. 3 - PT - EMENDA Nº 185,2019-05-29 22:25,0,NA,0,NA
2190355,168222244,camara,DTQ. 12 - PSB - EMENDA Nº 92,2019-05-29 22:44,0,NA,0,NA
2190355,168212144,camara,"DTQ. 27 - PT - INC. V DO ART. 8º, CONST. DO PLV",2019-05-29 21:44,0,NA,0,NA
2190355,168222300,camara,"DTQ. 34 - BLOCO PP/MDB/PTB - EMENDA Nº 254, EXP. ""SENDO VEDADO...""",2019-05-29 23:00,0,NA,0,NA
2190880,167341652,camara,REQUERIMENTO DE RETIRADA DE PAUTA,2019-02-19 16:52,0,NA,0,NA
2192300,167341609,camara,URGÊNCIA PARA APRECIAÇÃO DO PDL Nº 3/2019,2019-02-19 16:09,0,NA,0,NA
2192459,168872157,camara,REQUERIMENTO DE RETIRADA DE PAUTA,2019-08-06 21:57,0,NA,0,NA
2192459,168870012,camara,PROPOSTA DE EMENDA À CONSTITUIÇÃO - SEGUNDO TURNO,2019-08-06 00:12,0,Texto base - (2º Turno),1,NA
2192459,168602219,camara,REQUERIMENTO DE RETIRADA DE PAUTA,2019-07-09 22:19,0,NA,0,NA
2192459,168632144,camara,DTQ 2 - CIDADANIA - § ÚNICO DO ART. 203 DA CONSTITUIÇÃO FEDERAL,2019-07-11 21:44,0,NA,0,NA
2192459,168622040,camara,DTQ 9 - PL - EMENDA Nº 176,2019-07-10 20:40,0,Destaque para excluir professores da reforma da Previdência,1,NA
2192459,168661831,camara,DTQ 11 - PT - ART. 26 DO SUBSTITUTIVO,2019-07-12 18:31,0,NA,0,NA
2192459,168661725,camara,DTQ 12 - PT - ART. 23 DO SUBSTITUTIVO,2019-07-12 17:25,0,NA,0,NA
2192459,168661905,camara,DTQ 13 - PT - §2º DO ART. 26 DO SUBSTITUTIVO,2019-07-12 19:05,0,NA,0,NA
2192459,168642327,camara,"DTQ 14 - PSOL - §3º DO ART. 239, CONST. DO ART. 1º DO SUBSTITUTIVO",2019-07-11 23:27,0,NA,0,NA
2192459,168611349,camara,CONSULTA AO PLENÁRIO SOBRE VOTAÇÃO PARCELADA,2019-07-10 13:49,0,NA,0,NA
2192459,168651536,camara,"DTQ 43 - PDT - EXP. "" EM DOIS ANOS"" CONST. DO §1º, DO ART. 20...",2019-07-12 15:36,0,Destaque para excluir professores da reforma da Previdência,1,NA
2192459,168651359,camara,DTQ 44 - PDT - INC. IV DO ART. 20 DO SUBSTITUTIVO,2019-07-12 13:59,0,NA,0,NA
2192459,168611457,camara,REQ. DE VOTAÇÃO EM GLOBO DA ADMISSIBILIDADE DOS DESTAQUES SIMPLES,2019-07-10 14:57,0,NA,0,NA
2192459,168600029,camara,REQUERIMENTO DE ENCERRAMENTO DA DISCUSSÃO,2019-07-09 00:29,0,NA,0,NA
2192459,168611551,camara,VOTAÇÃO DA ADMISSIBILIDADE EM GLOBO DOS DESTAQUES SIMPLES,2019-07-10 15:51,0,NA,0,NA
2192459,168661943,camara,EMENDA DE REDAÇÃO Nº 1,2019-07-12 19:43,0,NA,0,NA
2192459,168602248,camara,RECURSO CONTRA O INDEFERIMENTO AO REQ.  DE DISCUSSÃO POR PARTES,2019-07-09 22:48,0,NA,0,NA
2192459,168631956,camara,EMA 5 - DEM - EMENDA AGLUTINATIVA Nº 5,2019-07-11 19:56,0,Destaque para alterar regra para mulheres na reforma da Previdência,1,NA
2192459,168640135,camara,DTQ 76 - PSB - §2º DO ART. 18 DO SUBSTITUTIVO DA COMISSÃO ESPECIAL,2019-07-11 01:35,0,NA,0,NA
2192459,168651311,camara,EMA 4 - PDT - EMENDA AGLUTINATIVA Nº 4,2019-07-12 13:11,0,NA,0,NA
2192459,168611251,camara,REQUERIMENTO DE RETIRADA DE PAUTA,2019-07-10 12:51,0,NA,0,NA
2192459,168621933,camara,SUBSTITUTIVO DA COMISSÃO ESPECIAL,2019-07-10 19:33,0,Texto base - (1º Turno),1,NA
2192459,168640020,camara,EMA 8 - PODEMOS - EMENDA AGLUTINATIVA Nº 8,2019-07-11 00:20,0,Destaque para alterar regra para professores na reforma da Previdência,1,NA
2192459,168632104,camara,DTQ 95 - PSB - § 14 DO ART. 195 DA CONSTITUIÇÃO FEDERAL ...,2019-07-11 21:04,0,NA,0,NA
2192459,168621652,camara,REQUERIMENTO DE RETIRADA DE PAUTA,2019-07-10 16:52,0,NA,0,NA
2192459,168631806,camara,REQUERIMENTO DE RETIRADA DE PAUTA,2019-07-11 18:06,0,NA,0,NA
2192459,168642239,camara,REQUERIMENTO DE RETIRADA DE PAUTA,2019-07-11 22:39,0,NA,0,NA
2192459,168651236,camara,REQUERIMENTO DE RETIRADA DE PAUTA,2019-07-12 12:36,0,NA,0,NA
2192459,168661705,camara,REQUERIMENTO DE RETIRADA DE PAUTA,2019-07-12 17:05,0,NA,0,NA
2192459,168861953,camara,REQUERIMENTO DE RETIRADA DE PAUTA,2019-08-06 19:53,0,NA,0,NA
2192459,168862133,camara,REQUERIMENTO DE ADIAMENTO DA VOTAÇÃO POR 5 SESSÕES,2019-08-06 21:33,0,NA,0,NA
2192459,168891852,camara,"DTQ. 1 - PSOL - §3º, DO ART. 239, CONST. DO ART.1º DA REDAÇÃO ...",2019-08-07 18:52,0,NA,0,NA
2192459,168892016,camara,"DTQ. 3 - PDT -  INC. IV, DO ART. 20 DA PEC 6-G/2019",2019-08-07 20:16,0,NA,0,NA
2192459,168891956,camara,DTQ. 5 - NOVO -  ART. 20 DO TEXTO DO 2º TURNO DA PEC 6/2019,2019-08-07 19:56,0,NA,0,NA
2192459,168872321,camara,REQ. DE VOTAÇÃO EM GLOBO DA ADMISSIBILIDADE DOS DESTAQUES SIMPLES,2019-08-06 23:21,0,NA,0,NA
2192459,168872237,camara,CONSULTA AO PLENÁRIO - VOTAÇÃO PARCELADA,2019-08-06 22:37,0,NA,0,NA
2192459,168862054,camara,REQUERIMENTO DE ENCERRAMENTO DA DISCUSSÃO,2019-08-06 20:54,0,NA,0,NA
2192459,168881534,camara,"DTQ. 7 - PCdoB - INC. V, DO ART. 201, CONST. DO ART. 1º DA PEC 6/2019",2019-08-07 15:34,0,NA,0,NA
2192459,168892107,camara,DTQ. 8 - PSB -  §1º DO ART. 21 DA REDAÇÃO PARA O SEGUNDO TURNO DA PEC,2019-08-07 21:07,0,NA,0,NA
2192459,168892146,camara,DTQ. 9 - PT -  ART. 26 DA PEC 6/2019,2019-08-07 21:46,0,NA,0,NA
2192459,168891735,camara,DTQ. 10 - PT -  ART. 203 DA CF/88 NA REDAÇÃO DADA PELO ART. 1º DA PEC 6/2019,2019-08-07 17:35,0,NA,0,NA
2192459,168881320,camara,"DTQ. 11 - PT -  § 14 DO ART. 195 DA CF/88, NA REDAÇÃO DO ART. 1º DA PEC 6/2019",2019-08-07 13:20,0,NA,0,NA
2192459,168872332,camara,VOTAÇÃO DA ADMISSIBILIDADE EM GLOBO DOS DESTAQUES SIMPLES,2019-08-06 23:32,0,NA,0,NA
2192459,168881236,camara,REQUERIMENTO DE RETIRADA DE PAUTA,2019-08-07 12:36,0,NA,0,NA
2193540,167681805,camara,DTQ 5 - NOVO - EMENDA  Nº 4,2019-04-02 18:05,0,NA,0,NA
2193540,167881734,camara,DTQ. 3 - PT - EMENDA Nº 1 DO SENADO FEDERAL,2019-04-24 17:34,0,NA,0,NA
2193564,168001950,camara,SUBSTITUTIVO DA CFT,2019-05-08 19:50,0,NA,0,NA
2193564,168001746,camara,REQUERIMENTO DE ADIAMENTO DA DISCUSSÃO POR 2 SESSÕES,2019-05-08 17:46,0,NA,0,NA
2193564,168001918,camara,REQUERIMENTO DE VOTAÇÃO ARTIGO POR ARTIGO,2019-05-08 19:18,0,NA,0,NA
2193564,168001711,camara,REQ. DE VOTAÇÃO NOMINAL DO REQ. DE ADIAMENTO DA DISCUSSÃO POR 2 SESSÕES,2019-05-08 17:11,0,NA,0,NA
2193696,168521846,camara,SUBSTITUTIVO,2019-07-03 18:46,0,NA,0,NA
2194124,168321843,camara,SUBSTITUTIVO DA CMO,2019-06-11 18:43,0,NA,0,NA
2194124,168321909,camara,SUBSTITUTIVO DA CMO,2019-06-11 19:09,0,NA,0,NA
2194357,167601632,camara,URGÊNCIA PARA APRECIAÇÃO DO PL Nº 888/2019,2019-03-26 16:32,0,NA,0,NA
2194540,167601719,camara,URGÊNCIA PARA APRECIAÇÃO DO PLP Nº 55/2019,2019-03-26 17:19,0,NA,0,NA
2197160,168281347,camara,SUBSTITUTIVO DA COMISSÃO ESPECIAL - PRIMEIRO TURNO,2019-06-05 13:47,0,NA,0,NA
2197160,168281454,camara,"DTQ 3 - PDT - EXP: ""...DE INICIATIVA DO PRESIDENTE...""",2019-06-05 14:54,0,NA,0,NA
2197160,168281500,camara,PROPOSTA DE EMENDA À CONSTITUIÇÃO - SEGUNDO TURNO,2019-06-05 15:00,0,NA,0,NA
2197160,168281418,camara,DTQ 1 - PSOL - § 1º DO ART 167,2019-06-05 14:18,0,NA,0,NA
2197160,168281357,camara,DTQ 2 - PRB - § 17 DO ART. 166,2019-06-05 13:57,0,NA,0,NA
2197504,169912110,camara,PROPOSTA DE EMENDA À CONSTITUIÇÃO - SEGUNDO TURNO,2019-11-19 21:10,0,NA,0,NA
2197504,169912052,camara,SUBSTITUTIVO DA COMISSÃO ESPECIAL,2019-11-19 20:52,0,NA,0,NA
2198229,169531453,camara,DESTAQUE Nº 6 - PT/CD - ARTIGO 22 (SALÁRIO MÍNIMO).,2019-10-09 14:53,0,NA,0,NA
2199310,169011833,camara,REQUERIMENTO DE RETIRADA DE PAUTA,2019-08-20 18:33,0,NA,0,NA
2199310,169022103,camara,PARECER DA C.M P/ ATEND. DOS PRESSUPOSTOS CONSTITUCIONAIS...,2019-08-20 21:03,0,NA,0,NA
2199310,169011725,camara,REQUERIMENTO DE VOTAÇÃO NOMINAL DO REQ. DE RETIRADA DE PAUTA,2019-08-20 17:25,0,NA,0,NA
2199310,169011918,camara,REQUERIMENTO DE ADIAMENTO DA VOTAÇÃO POR 2 SESSÕES,2019-08-20 19:18,0,NA,0,NA
2199310,169011943,camara,REQUERIMENTO DE VOTAÇÃO ARTIGO POR ARTIGO,2019-08-20 19:43,0,NA,0,NA
2199310,169022017,camara,REQUERIMENTO DE RETIRADA DE PAUTA,2019-08-20 20:17,0,NA,0,NA
2199763,168942224,camara,PARECER DA C.M P/ ATEND. DOS PRESSUPOSTOS CONSTITUCIONAIS...,2019-08-13 22:24,0,NA,0,NA
2199763,168942032,camara,REQUERIMENTO DE RETIRADA DE PAUTA,2019-08-13 20:32,0,NA,0,NA
2199763,168931925,camara,REQUERIMENTO DE VOTAÇÃO NOMINAL DO REQ. DE RETIRADA DE PAUTA,2019-08-13 19:25,0,NA,0,NA
2199763,168961930,camara,"DTQ 5 - PSC - ART. 18 DO PLV À MP Nº 881/2019, QUE INCLUI ART. 82-A...",2019-08-14 19:30,0,NA,0,NA
2199763,168942147,camara,REQUERIMENTO DE ENCERRAMENTO DA DISCUSSÃO E DO ENCAMINHAMENTO,2019-08-13 21:47,0,NA,0,NA
2199763,168961911,camara,"DTQ 8 - PT - §3º, ART. 74 DO DECRETO DE LEI Nº 5.452/1943...",2019-08-14 19:11,0,NA,0,NA
2199763,168951731,camara,"DTQ 9 - PT - § 4º, ART. 50 DA LEI Nº 10.406/2002...",2019-08-14 17:31,0,NA,0,NA
2199763,168951847,camara,DTQ 10 - PT - ART. 70 DO DECRETO LEI Nº 5.452/1943...,2019-08-14 18:47,0,NA,0,NA
2199763,168951809,camara,DTQ 20 - PCdoB - ART. 68 CONTIDO NO ART. 28 DO PLV,2019-08-14 18:09,0,NA,0,NA
2199763,168951759,camara,DTQ 27 - PSOL - ART. 67 CONST. DO ART. 28 DO PLV,2019-08-14 17:59,0,NA,0,NA
2199763,168942252,camara,EMENDA AGLUTINATIVA Nº 1,2019-08-13 22:52,0,MP da liberdade econômica,1,NA
2199763,168951827,camara,EMA 4 - EMENDA AGLUTINATIVA Nº 4,2019-08-14 18:27,0,NA,0,NA
2199763,168951712,camara,REQUERIMENTO DE RETIRADA DE PAUTA,2019-08-14 17:12,0,NA,0,NA
2200900,169821706,camara,URGÊNCIA PARA APRECIAÇÃO DO PL Nº 10.940/2018,2019-11-06 17:06,0,NA,0,NA
2201529,168431743,camara,REQUERIMENTO DE RETIRADA DE PAUTA,2019-06-25 17:43,0,NA,0,NA
2201532,168442013,camara,SUBSTITUTIVO DA CCJ,2019-06-25 20:13,0,NA,0,NA
2201532,168431941,camara,REQUERIMENTO DE ADIAMENTO DA DISCUSSÃO POR 2 SESSÕES,2019-06-25 19:41,0,NA,0,NA
2202987,169521933,camara,CRÉDITO SUPLEMENTAR - PODER JUDICIÁRIO E MINISTÉRIO PÚBLICO,2019-10-08 19:33,0,NA,0,NA
2202987,169521919,camara,PROJETO DE LEI DO CONGRESSO NACIONAL,2019-10-08 19:19,0,NA,0,NA
2202987,169521834,camara,REQUERIMENTO DE ADIAMENTO DA VOTAÇÃO POR 48 HORAS,2019-10-08 18:34,0,NA,0,NA
2203106,168041727,camara,CONVOCAÇÃO DO MINISTRO DA EDUCAÇÃO,2019-05-14 17:27,0,NA,0,NA
2204056,169091844,camara,REQUERIMENTO DE RETIRADA DE PAUTA,2019-08-27 18:44,0,NA,0,NA
2204056,169151715,camara,REQUERIMENTO DE VOTAÇÃO ARTIGO POR ARTIGO,2019-09-03 17:15,0,NA,0,NA
2204056,169091907,camara,REQUERIMENTO DE ADIAMENTO DA DISCUSSÃO POR 2 SESSÕES,2019-08-27 19:07,0,NA,0,NA
2204056,169102106,camara,REQUERIMENTO DE RETIRADA DE PAUTA,2019-08-27 21:06,0,NA,0,NA
2204056,169151631,camara,REQUERIMENTO DE RETIRADA DE PAUTA,2019-09-03 16:31,0,NA,0,NA
2204056,169151820,camara,"EMENDAS COM PARECER PELA APROVAÇÃO - ART. 1, 3, 4, 5, 7 DO SUBST.",2019-09-03 18:20,0,NA,0,NA
2207613,170171614,camara,REQUERIMENTO DE RETIRADA DE PAUTA,2019-12-11 16:14,0,NA,0,NA
2207613,170182022,camara,REQUERIMENTO DE VOTAÇÃO DAS EMENDAS UMA A UMA,2019-12-11 20:22,0,NA,0,NA
2207613,170181913,camara,REQUERIMENTO DE VOTAÇÃO ARTIGO POR ARTIGO,2019-12-11 19:13,0,NA,0,NA
2207613,170182011,camara,VOTAÇÃO DA ADMISSIBILIDADE EM GLOBO DOS DESTAQUES SIMPLES,2019-12-11 20:11,0,NA,0,NA
2207613,170181955,camara,REQ. DE VOTAÇÃO EM GLOBO DA ADMISSIBILIDADE DOS DESTAQUES SIMPLES,2019-12-11 19:55,0,NA,0,NA
2207613,170181942,camara,DTQ. 15 - DEM - PREFERÊNCIA PARA O PL Nº 4.162/2019,2019-12-11 19:42,0,NA,0,NA
2207613,170171730,camara,REQUERIMENTO DE ENCERRAMENTO DA DISCUSSÃO E DO ENCAMINHAMENTO,2019-12-11 17:30,0,NA,0,NA
2207613,170181842,camara,REQUERIMENTO DE RETIRADA DE PAUTA,2019-12-11 18:42,0,NA,0,NA
2207613,170182036,camara,"EMENDAS COM PARECER PELA APROVAÇÃO, Nºs 15,16,17, 23",2019-12-11 20:36,0,NA,0,NA
2207613,170251241,camara,REQUERIMENTO DE RETIRADA DE PAUTA,2019-12-17 12:41,0,NA,0,NA
2207613,170251325,camara,DTQ 21 - PT - ART. 11 DA EMENDA Nº 17,2019-12-17 13:25,0,NA,0,NA
2207613,170261519,camara,DTQ 1 - PCdoB - ART. 15 DO SUBSTITUTIVO,2019-12-17 15:19,0,NA,0,NA
2207613,170261537,camara,DTQ 4 - PT - EMENDA Nº 7,2019-12-17 15:37,0,NA,0,NA
2207613,170261555,camara,DTQ 17 - REPUBLICANOS - EMENDA Nº 18,2019-12-17 15:55,0,NA,0,NA
2207613,170261503,camara,REQUERIMENTO DE RETIRADA DE PAUTA,2019-12-17 15:03,0,NA,0,NA
2208720,169591924,camara,PROJETO DE LEI DE CONVERSÃO Nº 24/2019,2019-10-15 19:24,0,NA,0,NA
2208720,169591900,camara,PARECER DA C.M P/ ATEND. DOS PRESSUPOSTOS CONSTITUCIONAIS...,2019-10-15 19:00,0,NA,0,NA
2208720,169591709,camara,REQUERIMENTO DE  VOTAÇÃO PELO PROCESSO NOMINAL,2019-10-15 17:09,0,NA,0,NA
2208720,169591822,camara,REQUERIMENTO DE VOTAÇÃO ARTIGO POR ARTIGO,2019-10-15 18:22,0,NA,0,NA
2208720,169591945,camara,DTQ 1 - PT - EMENDA Nº 70,2019-10-15 19:45,0,NA,0,NA
2208720,169602040,camara,DTQ 2 - PT - EMENDA Nº 72,2019-10-15 20:40,0,NA,0,NA
2208720,169591759,camara,REQUERIMENTO DE ADIAMENTO DA VOTAÇÃO POR 2 SESSÕES,2019-10-15 17:59,0,NA,0,NA
2209381,169801846,camara,REQUERIMENTO DE ADIAMENTO DA VOTAÇÃO POR 2 SESSÕES,2019-11-05 18:46,0,NA,0,NA
2209381,169721850,camara,REQUERIMENTO DE RETIRADA DE PAUTA,2019-10-29 18:50,0,NA,0,NA
2209381,169751853,camara,REQUERIMENTO DE RETIRADA DE PAUTA,2019-10-30 18:53,0,NA,0,NA
2209381,169801752,camara,REQUERIMENTO DE RETIRADA DE PAUTA,2019-11-05 17:52,0,NA,0,NA
2209381,169801920,camara,REQUERIMENTO DE ADIAMENTO DA VOTAÇÃO POR 1 SESSÃO,2019-11-05 19:20,0,NA,0,NA
2209381,169812109,camara,SUBEMENDA SUBSTITUTIVA GLOBAL,2019-11-05 21:09,0,NA,0,NA
2209722,169921955,camara,URGÊNCIA PARA APRECIAÇÃO DO PL Nº 4.067/2015,2019-11-20 19:55,0,NA,0,NA
2210523,169051939,camara,REQUERIMENTO DE RETIRADA DE PAUTA,2019-08-21 19:39,0,NA,0,NA
2210523,169052028,camara,REQUERIMENTO DE ENCERRAMENTO DA DISCUSSÃO E DO ENCAMINHAMENTO,2019-08-21 20:28,0,NA,0,NA
2210523,169041710,camara,REQUERIMENTO DE RETIRADA DE PAUTA,2019-08-21 17:10,0,NA,0,NA
2210523,169041800,camara,REQUERIMENTO DE ADIAMENTO DA DISCUSSÃO POR 2 SESSÕES,2019-08-21 18:00,0,NA,0,NA
2210523,169052118,camara,REQUERIMENTO DE ADIAMENTO DA VOTAÇÃO POR 2 SESSÕES,2019-08-21 21:18,0,NA,0,NA
2210523,169052140,camara,REQUERIMENTO DE VOTAÇÃO ARTIGO POR ARTIGO,2019-08-21 21:40,0,NA,0,NA
2210523,169052156,camara,REQUERIMENTO DE VOTAÇÃO DAS EMENDAS UMA A UMA,2019-08-21 21:56,0,NA,0,NA
2210523,169041831,camara,CONSULTA AO INDEFERIMENTO DE REQ. DE DISCUSSÃO PARCELADA,2019-08-21 18:31,0,NA,0,NA
2210523,169052223,camara,PROJETO DE LEI,2019-08-21 22:23,0,NA,0,NA
2212362,169430020,camara,DTQ 3 - PSL - EMENDA DE PLENÁRIO Nº 2,2019-10-01 00:20,0,NA,0,NA
2212949,169832109,camara,DTQ 1 - PDT - INCISO XV DO ART. 5º,2019-11-06 21:09,0,NA,0,NA
2212949,169832232,camara,DTQ 2 -  PDT - I§ 3º DO ART. 20-D,2019-11-06 22:32,0,NA,0,NA
2212949,169832157,camara,DTQ 6 -  PT - EMENDA Nº 86.,2019-11-06 21:57,0,NA,0,NA
2213191,169961822,camara,REQUERIMENTO DE RETIRADA DE PAUTA,2019-11-26 18:22,0,NA,0,NA
2213191,169962009,camara,REQUERIMENTO DE ADIAMENTO DA VOTAÇÃO POR 2 SESSÕES,2019-11-26 20:09,0,NA,0,NA
2213191,169982225,camara,DTQ 14: PCdoB: ART. 1º DA EMENDA 50 P/ SUBST. O ART. 1º DO PLV,2019-11-26 22:25,0,NA,0,NA
2213191,169982212,camara,PROJETO DE LEI DE CONVERSÃO Nº 25/2019,2019-11-26 22:12,0,NA,0,NA
2213191,169982158,camara,DTQ 19: PSOL: PREFERÊNCIA PARA A EMENDA Nº 116,2019-11-26 21:58,0,NA,0,NA
2213191,169982243,camara,DTQ 22: PDT: EMENDA Nº 159,2019-11-26 22:43,0,NA,0,NA
2213191,169982301,camara,DTQ 5: PSL: ART. 35 DO PLV,2019-11-26 23:01,0,NA,0,NA
2213191,169982315,camara,DTQ 2: DEM: ART. 36 DO PLV,2019-11-26 23:15,0,NA,0,NA
2213191,169982327,camara,DTQ 9: PT: EMENDA Nº 306,2019-11-26 23:27,0,NA,0,NA
2213191,169982134,camara,REQUERIMENTO DE RETIRADA DE PAUTA,2019-11-26 21:34,0,NA,0,NA
2213200,170182227,camara,"DTQ. 13 - PSOL - ART. 50  DA LEI 11.445/2007, COM A REDAÇÃO DADA P/ ART. 8º...",2019-12-11 22:27,0,NA,0,NA
2213200,170182157,camara,DTQ. 14 - SD - EMENDA Nº 12,2019-12-11 21:57,0,NA,0,NA
2213200,170182242,camara,DTQ. 18 - CIDADANIA - ART. 54 DA LEI Nº 12.305/2010,2019-12-11 22:42,0,NA,0,NA
2213200,170182120,camara,PROJETO DE LEI,2019-12-11 21:20,0,Novo marco legal do saneamento básico,1,NA
2213200,170182142,camara,"DTQ. 23 - BL. PP/MDB/PTB - EX. ""E DE RESOLUÇÃO DE PASSIVOS DE POLUIÇÃO...",2019-12-11 21:42,0,NA,0,NA
2214046,169531239,camara,PROJETO DE LEI DO CONGRESSO NACIONAL,2019-10-09 12:39,0,NA,0,NA
2214046,169522130,camara,PROJETO DE LEI DO CONGRESSO NACIONAL,2019-10-08 21:30,0,NA,0,NA
2214151,169221717,camara,URGÊNCIA PARA APRECIAÇÃO DO PL Nº 1.685/2011,2019-09-10 17:17,0,NA,0,NA
2214811,169051906,camara,URGÊNCIA PARA APRECIAÇÃO DO PL Nº 3.688/2000,2019-08-21 19:06,0,NA,0,NA
2215146,168951628,camara,URGÊNCIA PARA APRECIAÇÃO DO PL Nº 7596/2017,2019-08-14 16:28,0,NA,0,NA
2215293,169022151,camara,URGÊNCIA PARA APRECIAÇÃO DO PL Nº 3.715/2019,2019-08-20 21:51,0,NA,0,NA
2215381,169752103,camara,URGÊNCIA PARA VOTAÇÃO DO PL Nº 4.348/2019,2019-10-30 21:03,0,NA,0,NA
2216788,169182147,camara,URGÊNCIA PARA APRECIAÇÃO DA MENSAGEM Nº 208/2019,2019-09-04 21:47,0,NA,0,NA
2216799,169682137,camara,PROJETO DE DECRETO LEGISLATIVO,2019-10-22 21:37,0,NA,0,NA
2216799,169622024,camara,REQUERIMENTO DE RETIRADA DE PAUTA,2019-10-16 20:24,0,NA,0,NA
2216799,169622109,camara,REQUERIMENTO DE ADIAMENTO DA DISCUSSÃO POR 2 SESSÕES,2019-10-16 21:09,0,NA,0,NA
2216799,169682000,camara,EMENDA DE PLENÁRIO Nº 1,2019-10-22 20:00,0,NA,0,NA
2216799,169622207,camara,REQUERIMENTO DE ENCERRAMENTO DA DISCUSSÃO E ENC. DE VOTAÇÃO,2019-10-16 22:07,0,NA,0,NA
2216799,169671725,camara,REQUERIMENTO DE RETIRADA DE PAUTA,2019-10-22 17:25,0,NA,0,NA
2218078,170282119,camara,PARECER DA CMO SOBRE A EMENDA 41570020 (FUNDO ELEITORAL),2019-12-17 21:19,0,NA,0,NA
2218250,170012026,camara,DTQ 1 - DEM - EMENDA DE PLENÁRIO Nº 1,2019-11-27 20:26,0,NA,0,NA
2219406,169221751,camara,URGÊNCIA PARA APRECIAÇÃO DO PDL Nº 614/2019,2019-09-10 17:51,0,NA,0,NA
2219905,169281640,camara,REQUERIMENTO DE URGÊNCIA PARA APRECIAÇÃO DO PL Nº 2.944/19,2019-09-17 16:40,0,NA,0,NA
2222991,169611934,camara,URGÊNCIA PARA APRECIAÇÃO DO PL Nº 3.443/2019,2019-10-16 19:34,0,NA,0,NA
2222992,169821804,camara,URGÊNCIA PARA APRECIAÇÃO DO PL Nº 3.444/2019,2019-11-06 18:04,0,NA,0,NA
2224574,169611955,camara,URGÊNCIA PARA APRECIAÇÃO DO PL Nº 5.385/2019,2019-10-16 19:55,0,NA,0,NA
2224760,169542101,camara,URGÊNCIA PARA APRECIAÇÃO DO PL Nº 5478/2019,2019-10-09 21:01,0,NA,0,NA
2226336,169752115,camara,URGÊNCIA PARA VOTAÇÃO DO PL Nº 4.805/2019,2019-10-30 21:15,0,NA,0,NA
2226362,169752054,camara,URGÊNCIA PARA VOTAÇÃO DO PL Nº 6.229/2005,2019-10-30 20:54,0,NA,0,NA
2227826,169821932,camara,RECURSO AO PL Nº 1.645/2019,2019-11-06 19:32,0,NA,0,NA
2227917,170081743,camara,SUBSTITUTIVO DA CCULT,2019-12-04 17:43,0,NA,0,NA
2227917,170081712,camara,REQUERIMENTO DE ADIAMENTO DA VOTAÇÃO POR 2 SESSÕES,2019-12-04 17:12,0,NA,0,NA
2227917,170081731,camara,REQUERIMENTO DE VOTAÇÃO ARTIGO POR ARTIGO,2019-12-04 17:31,0,NA,0,NA
2228665,170242131,camara,PROJETO DE LEI COMPLEMENTAR,2019-12-16 21:31,0,NA,0,NA
2229812,169901824,camara,URGÊNCIA PARA VOTAÇÃO DO PL Nº 5.082/2016,2019-11-19 18:24,0,NA,0,NA
2229813,169901953,camara,URGÊNCIA PARA VOTAÇÃO DO PDL Nº 28/2019,2019-11-19 19:53,0,NA,0,NA
2230573,170001804,camara,URGÊNCIA PARA APRECIAÇÃO DO PL Nº 3.261/2019,2019-11-27 18:04,0,NA,0,NA
2231930,170162208,camara,DTQ PSOL - EMENDA 7,2019-12-10 22:08,0,NA,0,NA
2232173,170091916,camara,URGÊNCIA PARA APRECIAÇÃO DO PL Nº 10.372/18,2019-12-04 19:16,0,NA,0,NA
2222884,170381909,camara,PARECER DA C.M P/ ATEND. DOS PRESSUPOSTOS CONSTITUCIONAIS...,2020-02-11 19:09,0,NA,0,NA
2222884,170392035,camara,PROJETO DE LEI DE CONVERSÃO Nº 30/2019,2020-02-11 20:35,0,NA,0,NA
2222884,170391959,camara,REQUERIMENTO DE RETIRADA DE PAUTA,2020-02-11 19:59,0,NA,0,NA
2222884,170381659,camara,REQUERIMENTO DE ADIAMENTO DA VOTAÇÃO POR 2 SESSÕES,2020-02-11 16:59,0,NA,0,NA
2222884,170392020,camara,DTQ 1 - PT - DESTAQUE DE PREFERÊNCIA PARA A MPV Nº 897/2019,2020-02-11 20:20,0,NA,0,NA
2222884,170472049,camara,DTQ 2 - PT - INCISO VII DO ART. 64 DO PLV,2020-02-18 20:49,0,NA,0,NA
2222884,170452126,camara,"DTQ 3 - PT - § 1º DO ART. 1º DA LEI Nº 8.427/1992, NA REDAÇÃO DADA...",2020-02-17 21:26,0,NA,0,NA
2222884,170381800,camara,REQUERIMENTO DE VOTAÇÃO ARTIGO POR ARTIGO,2020-02-11 18:00,0,NA,0,NA
2222884,170461813,camara,DTQ 5 - DEM - EMENDA Nº 78,2020-02-18 18:13,0,NA,0,NA
2222884,170461757,camara,DTQ 8 - PSD - ART. 55 DO PLV,2020-02-18 17:57,0,NA,0,NA
2222884,170381930,camara,PARECER DA C.M P/ NÃO ATEND. DOS PRESSUPOSTOS CONSTITUCIONAIS,2020-02-11 19:30,0,NA,0,NA
2222884,170452051,camara,DTQ 15 - PCdoB - ART. 28 DO PLV,2020-02-17 20:51,0,NA,0,NA
2222884,170392025,camara,VOTAÇÃO DA ADMISSIBILIDADE DO DESTAQUE SIMPLES,2020-02-11 20:25,0,NA,0,NA
2222884,170461725,camara,DTQ 16 - DEM - ART. 18 CONSTANTE DO ART. 42 DO PLV,2020-02-18 17:25,0,NA,0,NA
2222884,170461746,camara,DTQ 14 - PSOL - ART. 47 DO PLV,2020-02-18 17:46,0,NA,0,NA
2222884,170452008,camara,REQUERIMENTO DE RETIRADA DE PAUTA,2020-02-17 20:08,0,NA,0,NA
2222884,170461640,camara,REQUERIMENTO DE RETIRADA DE PAUTA,2020-02-18 16:40,0,NA,0,NA
2222884,170471944,camara,REQUERIMENTO DE RETIRADA DE PAUTA,2020-02-18 19:44,0,NA,0,NA
2236326,170352135,camara,PARECER DA CCJ À CMC Nº 1/2020,2020-02-05 21:35,0,NA,0,NA
2236326,170352030,camara,PRELIMINAR À CMC Nº 1/2020 - QUÓRUM DE VOTAÇÃO,2020-02-05 20:30,0,NA,0,NA
135251,5942,senado,"Submete à apreciação do Senado Federal, de conformidade com o art. 52, inciso III, alínea ""f"", da Constituição Federal, combinado com o art. 6º da Lei nº 6.385, de 7 de dezembro de 1976, com redação dada pelo art. 1º, da Lei 10.411, de 26 de fevereiro de 2002, o nome da Senhora FLÁVIA MARTINS SANT´ANNA PERLINGEIRO para exercer o cargo de Diretora da Comissão de Valores Mobiliários ? CVM.",2019-02-26,1,NA,0,http://rl.senado.gov.br/reports/rwservlet?legis&report=/forms/parlam/vono_r01.RDF&paramform=no&p_cod_materia_i=135251&p_cod_materia_f=135251&p_cod_sessao_votacao_i=5942&p_cod_sessao_votacao_f=5942
135087,5943,senado,"Submete à apreciação do Senado Federal, nos termos do art. 84, inciso XIV, combinado com o art. 52, inciso III, alínea d, da Constituição Federal, o nome do Senhor ROBERTO DE OLIVEIRA CAMPOS NETO, para exercer o cargo de Presidente do Banco Central do Brasil.",2019-02-26,1,NA,0,http://rl.senado.gov.br/reports/rwservlet?legis&report=/forms/parlam/vono_r01.RDF&paramform=no&p_cod_materia_i=135087&p_cod_materia_f=135087&p_cod_sessao_votacao_i=5943&p_cod_sessao_votacao_f=5943
135250,5944,senado,"Submete à consideração do Senado Federal, nos termos do o art. 84, inciso XIV, combinado com o art. 52, inciso III, alínea ""d"", da Constituição, o nome do Senhor BRUNO SERRA FERNANDES, para exercer o cargo de Diretor do Banco Central do Brasil.",2019-02-26,1,NA,0,http://rl.senado.gov.br/reports/rwservlet?legis&report=/forms/parlam/vono_r01.RDF&paramform=no&p_cod_materia_i=135250&p_cod_materia_f=135250&p_cod_sessao_votacao_i=5944&p_cod_sessao_votacao_f=5944
135252,5945,senado,"Submete à consideração do Senado Federal, nos termos do o art. 84, inciso XIV, combinado com o art. 52, inciso III, alínea ""d"", da Constituição, o nome do Senhor JOÃO MANOEL PINHO DE MELLO, para exercer o cargo de Diretor do Banco Central do Brasil.",2019-02-26,1,NA,0,http://rl.senado.gov.br/reports/rwservlet?legis&report=/forms/parlam/vono_r01.RDF&paramform=no&p_cod_materia_i=135252&p_cod_materia_f=135252&p_cod_sessao_votacao_i=5945&p_cod_sessao_votacao_f=5945
129807,5946,senado,"Altera os arts. 7º, 23, 24, 37, 40, 201, 203, 208, 227 e 244 da Constituição Federal para incorporar-lhes a nomenclatura ?pessoa com deficiência?, utilizada pela Convenção Internacional sobre o Direito das Pessoas com Deficiência.",2019-03-12,0,NA,0,http://rl.senado.gov.br/reports/rwservlet?legis&report=/forms/parlam/vono_r01.RDF&paramform=no&p_cod_materia_i=129807&p_cod_materia_f=129807&p_cod_sessao_votacao_i=5946&p_cod_sessao_votacao_f=5946
135603,5947,senado,"Altera a Lei Complementar nº 105, de 10 de janeiro de 2001, e a Lei n° 12.414, de 9 de junho de 2011, para dispor sobre os cadastros positivos de crédito e regular a responsabilidade civil dos operadores.",2019-03-13,0,NA,0,http://rl.senado.gov.br/reports/rwservlet?legis&report=/forms/parlam/vono_r01.RDF&paramform=no&p_cod_materia_i=135603&p_cod_materia_f=135603&p_cod_sessao_votacao_i=5947&p_cod_sessao_votacao_f=5947
129807,5948,senado,"Proposta de Emenda à Constituição nº 25, de 2017 (2º turno)",2019-03-19,0,NA,0,http://rl.senado.gov.br/reports/rwservlet?legis&report=/forms/parlam/vono_r01.RDF&paramform=no&p_cod_materia_i=129807&p_cod_materia_f=129807&p_cod_sessao_votacao_i=5948&p_cod_sessao_votacao_f=5948
134910,5949,senado,"PLC nº 135, de 2018 - Complementar, com as Emendas nºs 1 a 3-CAE (de redação), nos termos do Parecer",2019-03-19,0,NA,0,http://rl.senado.gov.br/reports/rwservlet?legis&report=/forms/parlam/vono_r01.RDF&paramform=no&p_cod_materia_i=134910&p_cod_materia_f=134910&p_cod_sessao_votacao_i=5949&p_cod_sessao_votacao_f=5949
135088,5950,senado,"Submete à apreciação do Senado Federal, de conformidade com o art. 52, inciso IV, da Constituição, e com o art. 39, combinado com o art. 46 da Lei nº 11.440, de 2006, o nome do Senhor OLYNTHO VIEIRA, Ministro de Segunda Classe da Carreira de Diplomata do Ministério das Relações Exteriores, para exercer o cargo de Embaixador do Brasil na República Islâmica do Paquistão e cumulativamente junto à República Islâmica do Afeganistão e à República do Tajiquistão.",2019-03-26,1,NA,0,http://rl.senado.gov.br/reports/rwservlet?legis&report=/forms/parlam/vono_r01.RDF&paramform=no&p_cod_materia_i=135088&p_cod_materia_f=135088&p_cod_sessao_votacao_i=5950&p_cod_sessao_votacao_f=5950
123903,5951,senado,"PEC nº 141, de 2015, com as Emendas nºs 1 e 2 - CCJ (redação), no termos do Parecer (1º Turno)",2019-04-02,0,NA,0,http://rl.senado.gov.br/reports/rwservlet?legis&report=/forms/parlam/vono_r01.RDF&paramform=no&p_cod_materia_i=123903&p_cod_materia_f=123903&p_cod_sessao_votacao_i=5951&p_cod_sessao_votacao_f=5951
123903,5952,senado,"Proposta de Emenda à Constituição nº 141, de 2015 (2º Turno)",2019-04-03,0,NA,0,http://rl.senado.gov.br/reports/rwservlet?legis&report=/forms/parlam/vono_r01.RDF&paramform=no&p_cod_materia_i=123903&p_cod_materia_f=123903&p_cod_sessao_votacao_i=5952&p_cod_sessao_votacao_f=5952
135983,5954,senado,"Emenda nº 10 - CCJ (Substitutivo) à PEC nº 34, de 2019, nos termos do Parecer (1º Turno)",2019-04-03,0,NA,0,http://rl.senado.gov.br/reports/rwservlet?legis&report=/forms/parlam/vono_r01.RDF&paramform=no&p_cod_materia_i=135983&p_cod_materia_f=135983&p_cod_sessao_votacao_i=5954&p_cod_sessao_votacao_f=5954
135983,5953,senado,"Proposta de Emenda à Constituição nº 34, de 2019 (2º Turno)",2019-04-03,0,NA,0,http://rl.senado.gov.br/reports/rwservlet?legis&report=/forms/parlam/vono_r01.RDF&paramform=no&p_cod_materia_i=135983&p_cod_materia_f=135983&p_cod_sessao_votacao_i=5953&p_cod_sessao_votacao_f=5953
121353,5955,senado,"Emenda nº 6-Plen (Substitutivo) à Proposta de Emenda à Constituição nº 61, de 2015 (1º Turno)",2019-04-09,0,NA,0,http://rl.senado.gov.br/reports/rwservlet?legis&report=/forms/parlam/vono_r01.RDF&paramform=no&p_cod_materia_i=121353&p_cod_materia_f=121353&p_cod_sessao_votacao_i=5955&p_cod_sessao_votacao_f=5955
121353,5956,senado,"Proposta de Emenda à Constituição nº 61, de 2015 (2º Turno)",2019-04-09,0,NA,0,http://rl.senado.gov.br/reports/rwservlet?legis&report=/forms/parlam/vono_r01.RDF&paramform=no&p_cod_materia_i=121353&p_cod_materia_f=121353&p_cod_sessao_votacao_i=5956&p_cod_sessao_votacao_f=5956
136173,5957,senado,"Emenda nº 13-Plen ao Projeto de Lei nº 1321, de 2019",2019-04-16,0,NA,0,http://rl.senado.gov.br/reports/rwservlet?legis&report=/forms/parlam/vono_r01.RDF&paramform=no&p_cod_materia_i=136173&p_cod_materia_f=136173&p_cod_sessao_votacao_i=5957&p_cod_sessao_votacao_f=5957
127414,5960,senado,"PEC nº 57, de 2016, com as Emendas nºs 1 a 6 - CCJ, nos termos do Parecer (1º Turno)",2019-05-07,0,NA,0,http://rl.senado.gov.br/reports/rwservlet?legis&report=/forms/parlam/vono_r01.RDF&paramform=no&p_cod_materia_i=127414&p_cod_materia_f=127414&p_cod_sessao_votacao_i=5960&p_cod_sessao_votacao_f=5960
117839,5961,senado,"Emenda nº 1 - CAE ao Projeto de Lei do Senado nº 188, de 2014 - Complementar",2019-05-21,0,NA,0,http://rl.senado.gov.br/reports/rwservlet?legis&report=/forms/parlam/vono_r01.RDF&paramform=no&p_cod_materia_i=117839&p_cod_materia_f=117839&p_cod_sessao_votacao_i=5961&p_cod_sessao_votacao_f=5961
135064,5962,senado,Estabelece a organização básica dos órgãos da Presidência da República e dos Ministérios.,2019-05-28,0,NA,0,http://rl.senado.gov.br/reports/rwservlet?legis&report=/forms/parlam/vono_r01.RDF&paramform=no&p_cod_materia_i=135064&p_cod_materia_f=135064&p_cod_sessao_votacao_i=5962&p_cod_sessao_votacao_f=5962
136357,5963,senado,"Mensagem nº 12, de 2019 - Davi Ferreira Gomes Barreto (ANTT)",2019-05-29,1,NA,0,http://rl.senado.gov.br/reports/rwservlet?legis&report=/forms/parlam/vono_r01.RDF&paramform=no&p_cod_materia_i=136357&p_cod_materia_f=136357&p_cod_sessao_votacao_i=5963&p_cod_sessao_votacao_f=5963
135079,5964,senado,"Institui o Programa Especial para Análise de Benefícios com Indícios de Irregularidade, o Programa de Revisão de Benefícios por Incapacidade, o Bônus de Desempenho Institucional por Análise de Benefícios com Indícios de Irregularidade do Monitoramento Operacional de Benefícios e o Bônus de Desempenho Institucional por Perícia Médica em Benefícios por Incapacidade, e dá outras providências.",2019-06-03,0,NA,0,http://rl.senado.gov.br/reports/rwservlet?legis&report=/forms/parlam/vono_r01.RDF&paramform=no&p_cod_materia_i=135079&p_cod_materia_f=135079&p_cod_sessao_votacao_i=5964&p_cod_sessao_votacao_f=5964
116081,5967,senado,"PLS nº 26, de 2014 - Complementar, com as Emendas nos termos dos Pareceres",2019-06-12,0,NA,0,http://rl.senado.gov.br/reports/rwservlet?legis&report=/forms/parlam/vono_r01.RDF&paramform=no&p_cod_materia_i=116081&p_cod_materia_f=116081&p_cod_sessao_votacao_i=5967&p_cod_sessao_votacao_f=5967
132847,5968,senado,"Emenda nº 3 - CAE (Substitutivo) ao Projeto de Lei do Senado nº 163, de 2018 - Complementar",2019-06-12,0,NA,0,http://rl.senado.gov.br/reports/rwservlet?legis&report=/forms/parlam/vono_r01.RDF&paramform=no&p_cod_materia_i=132847&p_cod_materia_f=132847&p_cod_sessao_votacao_i=5968&p_cod_sessao_votacao_f=5968
137178,5969,senado,"Proposta de Emenda à Constituição nº 91, de 2019, nos termos do Parecer de Plenário (1º Turno)",2019-06-12,0,NA,0,http://rl.senado.gov.br/reports/rwservlet?legis&report=/forms/parlam/vono_r01.RDF&paramform=no&p_cod_materia_i=137178&p_cod_materia_f=137178&p_cod_sessao_votacao_i=5969&p_cod_sessao_votacao_f=5969
137178,5970,senado,"Proposta de Emenda à Constituição nº 91, de 2019 (2º Turno)",2019-06-12,0,NA,0,http://rl.senado.gov.br/reports/rwservlet?legis&report=/forms/parlam/vono_r01.RDF&paramform=no&p_cod_materia_i=137178&p_cod_materia_f=137178&p_cod_sessao_votacao_i=5970&p_cod_sessao_votacao_f=5970
136635,5971,senado,"Projeto de Decreto Legislativo nº 233, de 2019",2019-06-18,0,Suspensão do decreto de armas,1,http://rl.senado.gov.br/reports/rwservlet?legis&report=/forms/parlam/vono_r01.RDF&paramform=no&p_cod_materia_i=136635&p_cod_materia_f=136635&p_cod_sessao_votacao_i=5971&p_cod_sessao_votacao_f=5971
136706,5972,senado,"Mensagem nº 15, de 2019 - Pedro Fernando Brêtas Bastos (CPLP)",2019-06-18,1,NA,0,http://rl.senado.gov.br/reports/rwservlet?legis&report=/forms/parlam/vono_r01.RDF&paramform=no&p_cod_materia_i=136706&p_cod_materia_f=136706&p_cod_sessao_votacao_i=5972&p_cod_sessao_votacao_f=5972
136707,5973,senado,"Mensagem nº 16/2019 - Henrique da Silveira S. Pinto (Santa Sé, e Ordem Soberana e Militar de Malta)",2019-06-18,1,NA,0,http://rl.senado.gov.br/reports/rwservlet?legis&report=/forms/parlam/vono_r01.RDF&paramform=no&p_cod_materia_i=136707&p_cod_materia_f=136707&p_cod_sessao_votacao_i=5973&p_cod_sessao_votacao_f=5973
136995,5977,senado,"Mensagem nº 22, de 2019 - Antonio de Aguiar Patriota (Egito e Eritréia)",2019-06-18,1,NA,0,http://rl.senado.gov.br/reports/rwservlet?legis&report=/forms/parlam/vono_r01.RDF&paramform=no&p_cod_materia_i=136995&p_cod_materia_f=136995&p_cod_sessao_votacao_i=5977&p_cod_sessao_votacao_f=5977
137061,5978,senado,"Mensagem nº 24, de 2019 - Carlos Alberto Simas Magalhães (Portugal)",2019-06-25,1,NA,0,http://rl.senado.gov.br/reports/rwservlet?legis&report=/forms/parlam/vono_r01.RDF&paramform=no&p_cod_materia_i=137061&p_cod_materia_f=137061&p_cod_sessao_votacao_i=5978&p_cod_sessao_votacao_f=5978
137117,5979,senado,"Mensagem nº 26, de 2019 - Luís Fernando de Andrade Serra (França e Mônaco)",2019-06-25,1,NA,0,http://rl.senado.gov.br/reports/rwservlet?legis&report=/forms/parlam/vono_r01.RDF&paramform=no&p_cod_materia_i=137117&p_cod_materia_f=137117&p_cod_sessao_votacao_i=5979&p_cod_sessao_votacao_f=5979
128634,5980,senado,"Projeto de Lei da Câmara nº 27, de 2017 e Emendas nos termos dos Pareceres, ressalvados os destaques",2019-06-26,0,NA,0,http://rl.senado.gov.br/reports/rwservlet?legis&report=/forms/parlam/vono_r01.RDF&paramform=no&p_cod_materia_i=128634&p_cod_materia_f=128634&p_cod_sessao_votacao_i=5980&p_cod_sessao_votacao_f=5980
130029,5982,senado,"PLS nº 224, de 2017, com a Emenda nº 1 - CCJ, nos termos do Parecer, ressalvado o destaque",2019-06-26,0,NA,0,http://rl.senado.gov.br/reports/rwservlet?legis&report=/forms/parlam/vono_r01.RDF&paramform=no&p_cod_materia_i=130029&p_cod_materia_f=130029&p_cod_sessao_votacao_i=5982&p_cod_sessao_votacao_f=5982
137060,5983,senado,"Mensagem nº 23, de 2019 - Alexandre Ramagem Rodrigues (ABIN)",2019-06-26,1,NA,0,http://rl.senado.gov.br/reports/rwservlet?legis&report=/forms/parlam/vono_r01.RDF&paramform=no&p_cod_materia_i=137060&p_cod_materia_f=137060&p_cod_sessao_votacao_i=5983&p_cod_sessao_votacao_f=5983
135594,5984,senado,"PEC nº 17, de 2019, com a Emenda nº 1 - CCJ (Redação), nos termos do Parecer (1º Turno)",2019-07-02,0,NA,0,http://rl.senado.gov.br/reports/rwservlet?legis&report=/forms/parlam/vono_r01.RDF&paramform=no&p_cod_materia_i=135594&p_cod_materia_f=135594&p_cod_sessao_votacao_i=5984&p_cod_sessao_votacao_f=5984
135594,5985,senado,"Proposta de Emenda à Constituição nº 17, de 2019 (2º Turno)",2019-07-02,0,NA,0,http://rl.senado.gov.br/reports/rwservlet?legis&report=/forms/parlam/vono_r01.RDF&paramform=no&p_cod_materia_i=135594&p_cod_materia_f=135594&p_cod_sessao_votacao_i=5985&p_cod_sessao_votacao_f=5985
137179,5987,senado,"Ofício ""S"" nº 30, de 2019 - Emmanoel Pereira (CNJ)",2019-07-09,1,NA,0,http://rl.senado.gov.br/reports/rwservlet?legis&report=/forms/parlam/vono_r01.RDF&paramform=no&p_cod_materia_i=137179&p_cod_materia_f=137179&p_cod_sessao_votacao_i=5987&p_cod_sessao_votacao_f=5987
137464,5988,senado,"Ofício ""S"" nº 32, de 2019 - Josué Alfredo Pellegrini (IFI)",2019-07-09,1,NA,0,http://rl.senado.gov.br/reports/rwservlet?legis&report=/forms/parlam/vono_r01.RDF&paramform=no&p_cod_materia_i=137464&p_cod_materia_f=137464&p_cod_sessao_votacao_i=5988&p_cod_sessao_votacao_f=5988
137072,5989,senado,"Ofício ""S"" nº 23, de 2019 - Rubens de Mendonça Canuto Neto (CNJ)",2019-07-10,1,NA,0,http://rl.senado.gov.br/reports/rwservlet?legis&report=/forms/parlam/vono_r01.RDF&paramform=no&p_cod_materia_i=137072&p_cod_materia_f=137072&p_cod_sessao_votacao_i=5989&p_cod_sessao_votacao_f=5989
137073,5990,senado,"Ofício ""S"" nº 24, de 2019 - Candice Lavocat Galvão Jobim (CNJ)",2019-07-10,1,NA,0,http://rl.senado.gov.br/reports/rwservlet?legis&report=/forms/parlam/vono_r01.RDF&paramform=no&p_cod_materia_i=137073&p_cod_materia_f=137073&p_cod_sessao_votacao_i=5990&p_cod_sessao_votacao_f=5990
137515,5991,senado,"Mensagem nº 33, de 2019 - Antonio Barra Torres (ANVISA)",2019-07-10,1,NA,0,http://rl.senado.gov.br/reports/rwservlet?legis&report=/forms/parlam/vono_r01.RDF&paramform=no&p_cod_materia_i=137515&p_cod_materia_f=137515&p_cod_sessao_votacao_i=5991&p_cod_sessao_votacao_f=5991
137077,5992,senado,"Ofício ""S"" nº 25, de 2019 - Luciano Nunes Maia Freire (CNMP)",2019-08-06,1,NA,0,http://rl.senado.gov.br/reports/rwservlet?legis&report=/forms/parlam/vono_r01.RDF&paramform=no&p_cod_materia_i=137077&p_cod_materia_f=137077&p_cod_sessao_votacao_i=5992&p_cod_sessao_votacao_f=5992
137116,5993,senado,"Mensagem nº 25, de 2019 - Julio Glinternick Bitelli (Marrocos)",2019-08-06,1,NA,0,http://rl.senado.gov.br/reports/rwservlet?legis&report=/forms/parlam/vono_r01.RDF&paramform=no&p_cod_materia_i=137116&p_cod_materia_f=137116&p_cod_sessao_votacao_i=5993&p_cod_sessao_votacao_f=5993
137154,5994,senado,"Mensagem nº 27, de 2019 - Flávio Soares Damico (Paraguai)",2019-08-06,1,NA,0,http://rl.senado.gov.br/reports/rwservlet?legis&report=/forms/parlam/vono_r01.RDF&paramform=no&p_cod_materia_i=137154&p_cod_materia_f=137154&p_cod_sessao_votacao_i=5994&p_cod_sessao_votacao_f=5994
134583,5995,senado,"Projeto de Lei da Câmara nº 115, de 2018",2019-08-07,0,NA,0,http://rl.senado.gov.br/reports/rwservlet?legis&report=/forms/parlam/vono_r01.RDF&paramform=no&p_cod_materia_i=134583&p_cod_materia_f=134583&p_cod_sessao_votacao_i=5995&p_cod_sessao_votacao_f=5995
137415,5996,senado,"Mensagem nº 30, de 2019 - Luiz Alberto Figueiredo Machado (Catar)",2019-08-13,1,NA,0,http://rl.senado.gov.br/reports/rwservlet?legis&report=/forms/parlam/vono_r01.RDF&paramform=no&p_cod_materia_i=137415&p_cod_materia_f=137415&p_cod_sessao_votacao_i=5996&p_cod_sessao_votacao_f=5996
137417,5997,senado,"Mensagem nº 31, de 2019 - Roberto Abdalla (República Helênica)",2019-08-13,1,NA,0,http://rl.senado.gov.br/reports/rwservlet?legis&report=/forms/parlam/vono_r01.RDF&paramform=no&p_cod_materia_i=137417&p_cod_materia_f=137417&p_cod_sessao_votacao_i=5997&p_cod_sessao_votacao_f=5997
137546,5998,senado,"Mensagem nº 34, de 2019 - Maria Laura da Rocha (Romênia)",2019-08-13,1,NA,0,http://rl.senado.gov.br/reports/rwservlet?legis&report=/forms/parlam/vono_r01.RDF&paramform=no&p_cod_materia_i=137546&p_cod_materia_f=137546&p_cod_sessao_votacao_i=5998&p_cod_sessao_votacao_f=5998
137676,5999,senado,"Mensagem nº 36, de 2019 - Eugenia Barthelmess (Singapura)",2019-08-14,1,NA,0,http://rl.senado.gov.br/reports/rwservlet?legis&report=/forms/parlam/vono_r01.RDF&paramform=no&p_cod_materia_i=137676&p_cod_materia_f=137676&p_cod_sessao_votacao_i=5999&p_cod_sessao_votacao_f=5999
137677,6000,senado,"Mensagem nº 37, de 2019 - Ary Norton de Murat Quintella (Malásia e Brunei Darussalam)",2019-08-14,1,NA,0,http://rl.senado.gov.br/reports/rwservlet?legis&report=/forms/parlam/vono_r01.RDF&paramform=no&p_cod_materia_i=137677&p_cod_materia_f=137677&p_cod_sessao_votacao_i=6000&p_cod_sessao_votacao_f=6000
137421,6001,senado,"Mensagem nº 32, de 2019 - Maria Edileuza Fontenele Reis (Bulgária e Macedônia do Norte)",2019-08-21,1,NA,0,http://rl.senado.gov.br/reports/rwservlet?legis&report=/forms/parlam/vono_r01.RDF&paramform=no&p_cod_materia_i=137421&p_cod_materia_f=137421&p_cod_sessao_votacao_i=6001&p_cod_sessao_votacao_f=6001
137547,6002,senado,"Mensagem nº 35, de 2019 - José Luiz Machado e Costa (Hungria)",2019-08-21,1,NA,0,http://rl.senado.gov.br/reports/rwservlet?legis&report=/forms/parlam/vono_r01.RDF&paramform=no&p_cod_materia_i=137547&p_cod_materia_f=137547&p_cod_sessao_votacao_i=6002&p_cod_sessao_votacao_f=6002
137056,6003,senado,"Ofício ""S"" nº 22, de 2019 - André Luis Guimarães Godinho (CNJ)",2019-08-27,1,NA,0,http://rl.senado.gov.br/reports/rwservlet?legis&report=/forms/parlam/vono_r01.RDF&paramform=no&p_cod_materia_i=137056&p_cod_materia_f=137056&p_cod_sessao_votacao_i=6003&p_cod_sessao_votacao_f=6003
137808,6004,senado,"Ofício ""S"" nº 34, de 2019 - Daniel Veloso Couri (IFI)",2019-08-27,1,NA,0,http://rl.senado.gov.br/reports/rwservlet?legis&report=/forms/parlam/vono_r01.RDF&paramform=no&p_cod_materia_i=137808&p_cod_materia_f=137808&p_cod_sessao_votacao_i=6004&p_cod_sessao_votacao_f=6004
136913,6005,senado,"PEC nº 82, de 2019, nos termos do Parecer nº 100, de 2019, da CCJ (1º Turno)",2019-09-03,0,NA,0,http://rl.senado.gov.br/reports/rwservlet?legis&report=/forms/parlam/vono_r01.RDF&paramform=no&p_cod_materia_i=136913&p_cod_materia_f=136913&p_cod_sessao_votacao_i=6005&p_cod_sessao_votacao_f=6005
137438,6006,senado,"Proposta de Emenda à Constituição nº 98, de 2019 (2º Turno)",2019-09-03,0,NA,0,http://rl.senado.gov.br/reports/rwservlet?legis&report=/forms/parlam/vono_r01.RDF&paramform=no&p_cod_materia_i=137438&p_cod_materia_f=137438&p_cod_sessao_votacao_i=6006&p_cod_sessao_votacao_f=6006
137438,6007,senado,"PEC 98/2019 e Emendas e Subemendas, ressalvada a Emenda 9 - PLEN, nos termos dos Pareceres(1º Turno)",2019-09-03,0,NA,0,http://rl.senado.gov.br/reports/rwservlet?legis&report=/forms/parlam/vono_r01.RDF&paramform=no&p_cod_materia_i=137438&p_cod_materia_f=137438&p_cod_sessao_votacao_i=6007&p_cod_sessao_votacao_f=6007
137153,6008,senado,"Indicação do Senhor Marcos Vinícius Jardim Rodrigues para compor o Conselho Nacional de Justiça, na vaga destinada ao Conselho Federal da Ordem dos Advogados do Brasil.",2019-09-11,1,NA,0,http://rl.senado.gov.br/reports/rwservlet?legis&report=/forms/parlam/vono_r01.RDF&paramform=no&p_cod_materia_i=137153&p_cod_materia_f=137153&p_cod_sessao_votacao_i=6008&p_cod_sessao_votacao_f=6008
135775,6009,senado,"Submetendo à apreciação do Senado a indicação do Senhor Oswaldo D'Albuquerque Lima Neto para compor o Conselho Nacional do Ministério Público - CNMP, no Biênio 2019/2021, na vaga destinada ao Ministério Público dos Estados.",2019-09-11,1,NA,0,http://rl.senado.gov.br/reports/rwservlet?legis&report=/forms/parlam/vono_r01.RDF&paramform=no&p_cod_materia_i=135775&p_cod_materia_f=135775&p_cod_sessao_votacao_i=6009&p_cod_sessao_votacao_f=6009
136534,6010,senado,"Indicação da Senhora Ivana Farina Navarrete Pena, para compor o Conselho Nacional de Justiça - CNJ, na vaga destinada a membro do Ministério Público Estadual.",2019-09-11,1,NA,0,http://rl.senado.gov.br/reports/rwservlet?legis&report=/forms/parlam/vono_r01.RDF&paramform=no&p_cod_materia_i=136534&p_cod_materia_f=136534&p_cod_sessao_votacao_i=6010&p_cod_sessao_votacao_f=6010
136533,6011,senado,"Indicação do Senhor Sebastião Vieira Caixeta para compor o Conselho Nacional do Ministério Público, no biênio 2019/2021, em vaga destinada à representação do Ministério Público do Trabalho.",2019-09-11,1,NA,0,http://rl.senado.gov.br/reports/rwservlet?legis&report=/forms/parlam/vono_r01.RDF&paramform=no&p_cod_materia_i=136533&p_cod_materia_f=136533&p_cod_sessao_votacao_i=6011&p_cod_sessao_votacao_f=6011
137361,6012,senado,"Submetendo à apreciação do Senado, a indicação do Procurador Regional da República SILVIO ROBERTO OLIVEIRA DE AMORIM JUNIOR para compor o Conselho Nacional do Ministério Público - CNMP, na vaga destinada ao Ministério Público Federal.",2019-09-11,1,NA,0,http://rl.senado.gov.br/reports/rwservlet?legis&report=/forms/parlam/vono_r01.RDF&paramform=no&p_cod_materia_i=137361&p_cod_materia_f=137361&p_cod_sessao_votacao_i=6012&p_cod_sessao_votacao_f=6012
135772,6013,senado,"Submetendo à apreciação do Senado a indicação do Senhor Rinaldo Reis Lima para compor o Conselho Nacional do Ministério Público - CNMP, no Biênio 2019/2021, na vaga destinada ao Ministério Público dos Estados.",2019-09-11,1,NA,0,http://rl.senado.gov.br/reports/rwservlet?legis&report=/forms/parlam/vono_r01.RDF&paramform=no&p_cod_materia_i=135772&p_cod_materia_f=135772&p_cod_sessao_votacao_i=6013&p_cod_sessao_votacao_f=6013
137114,6014,senado,"Submetendo à apreciação do Senado a indicação da Senhora FERNANDA MARINELA DE SOUSA SANTOS para compor o Conselho Nacional do Ministério Público - CNMP, na vaga destinada à Ordem dos Advogados do Brasil.",2019-09-17,1,NA,0,http://rl.senado.gov.br/reports/rwservlet?legis&report=/forms/parlam/vono_r01.RDF&paramform=no&p_cod_materia_i=137114&p_cod_materia_f=137114&p_cod_sessao_votacao_i=6014&p_cod_sessao_votacao_f=6014
137097,6015,senado,"Submetendo à apreciação do Senado a indicação da Senhora SANDRA KRIEGER GONÇALVES para compor o Conselho Nacional do Ministério Público - CNMP, na vaga destinada à Ordem dos Advogados do Brasil.",2019-09-17,1,NA,0,http://rl.senado.gov.br/reports/rwservlet?legis&report=/forms/parlam/vono_r01.RDF&paramform=no&p_cod_materia_i=137097&p_cod_materia_f=137097&p_cod_sessao_votacao_i=6015&p_cod_sessao_votacao_f=6015
138071,6016,senado,"Escolha do Senhor Lineu Pupo de Paula, Ministro de Primeira Classe da Carreira de Diplomata do Ministério das Relações Exteriores, para exercer o cargo de Embaixador do Brasil junto à Bósnia e Herzegovina.",2019-09-18,1,NA,0,http://rl.senado.gov.br/reports/rwservlet?legis&report=/forms/parlam/vono_r01.RDF&paramform=no&p_cod_materia_i=138071&p_cod_materia_f=138071&p_cod_sessao_votacao_i=6016&p_cod_sessao_votacao_f=6016
138062,6017,senado,"Submete à apreciação do Senado Federal o nome do Senhor Ronaldo Costa Filho, Ministro de Primeira Classe da Carreira de Diplomata do Ministério das Relações Exteriores, para exercer o cargo de Representante Permanente do Brasil junto às Nações Unidas.",2019-09-18,1,NA,0,http://rl.senado.gov.br/reports/rwservlet?legis&report=/forms/parlam/vono_r01.RDF&paramform=no&p_cod_materia_i=138062&p_cod_materia_f=138062&p_cod_sessao_votacao_i=6017&p_cod_sessao_votacao_f=6017
138068,6018,senado,"Submete à apreciação do Senado Federal o nome da Senhora Maria Clara Duclos Carisio, Ministra de Primeira Classe da Carreira de Diplomata do Ministério das Relações Exteriores, para exercer o cargo de Embaixadora do Brasil junto à República Cooperativa da Guiana.",2019-09-18,1,NA,0,http://rl.senado.gov.br/reports/rwservlet?legis&report=/forms/parlam/vono_r01.RDF&paramform=no&p_cod_materia_i=138068&p_cod_materia_f=138068&p_cod_sessao_votacao_i=6018&p_cod_sessao_votacao_f=6018
135757,6019,senado,"Submetendo à apreciação do Senado a recondução do Senhor LAURO MACHADO NOGUEIRA para compor o Conselho Nacional do Ministério Público - CNMP, no biênio 2019/2021, na vaga destinada ao Ministério Público dos Estados.",2019-09-18,1,NA,0,http://rl.senado.gov.br/reports/rwservlet?legis&report=/forms/parlam/vono_r01.RDF&paramform=no&p_cod_materia_i=135757&p_cod_materia_f=135757&p_cod_sessao_votacao_i=6019&p_cod_sessao_votacao_f=6019
136411,6020,senado,"Indicação do Senhor Dermeval Farias Gomes Filho para compor o Conselho Nacional do Ministério Público no biênio 2019/2021, na vaga destinada a membros do Ministério Público do Distrito Federal e Territórios.",2019-09-18,1,NA,0,http://rl.senado.gov.br/reports/rwservlet?legis&report=/forms/parlam/vono_r01.RDF&paramform=no&p_cod_materia_i=136411&p_cod_materia_f=136411&p_cod_sessao_votacao_i=6020&p_cod_sessao_votacao_f=6020
138688,6021,senado,"Escolha do Senhor Antônio Augusto Brandão de Aras, para exercer o cargo de Procurador-Geral da República, na vaga decorrente do término do mandato da Senhora Raquel Elias Ferreira Dodge.",2019-09-25,1,NA,0,http://rl.senado.gov.br/reports/rwservlet?legis&report=/forms/parlam/vono_r01.RDF&paramform=no&p_cod_materia_i=138688&p_cod_materia_f=138688&p_cod_sessao_votacao_i=6021&p_cod_sessao_votacao_f=6021
138730,6022,senado,"Escolha do Senhor Sérgio Costa Ravagnani para exercer o cargo de Conselheiro do Conselho Administrativo de Defesa Econômica - CADE, do Ministério da Justiça e Segurança Pública.",2019-10-01,1,NA,0,http://rl.senado.gov.br/reports/rwservlet?legis&report=/forms/parlam/vono_r01.RDF&paramform=no&p_cod_materia_i=138730&p_cod_materia_f=138730&p_cod_sessao_votacao_i=6022&p_cod_sessao_votacao_f=6022
138733,6023,senado,"Escolha do Senhor Luis Henrique Bertolino Braido para exercer o cargo de Conselheiro do Conselho Administrativo de Defesa Econômica - CADE, do Ministério da Justiça e Segurança Pública.",2019-10-01,1,NA,0,http://rl.senado.gov.br/reports/rwservlet?legis&report=/forms/parlam/vono_r01.RDF&paramform=no&p_cod_materia_i=138733&p_cod_materia_f=138733&p_cod_sessao_votacao_i=6023&p_cod_sessao_votacao_f=6023
137999,6024,senado,"Modifica o sistema de previdência social, estabelece regras de transição, disposições transitórias, e dá outras providências. (PEC da Previdência).",2019-10-01,0,PEC da reforma da Previdência - 1º Turno,1,http://rl.senado.gov.br/reports/rwservlet?legis&report=/forms/parlam/vono_r01.RDF&paramform=no&p_cod_materia_i=137999&p_cod_materia_f=137999&p_cod_sessao_votacao_i=6024&p_cod_sessao_votacao_f=6024
137999,6025,senado,"Supressão da expressão ""no âmbito da União"" do § 1º - B do art. 149 da Constituição Federal, com a redação do art. 1º da Proposta.",2019-10-01,0,NA,0,http://rl.senado.gov.br/reports/rwservlet?legis&report=/forms/parlam/vono_r01.RDF&paramform=no&p_cod_materia_i=137999&p_cod_materia_f=137999&p_cod_sessao_votacao_i=6025&p_cod_sessao_votacao_f=6025
137999,6026,senado,"Aposentadoria especial para o trabalhador em atividades exercidas com efetiva exposição a agentes nocivos químicos, físicos e biológicos.",2019-10-01,0,NA,0,http://rl.senado.gov.br/reports/rwservlet?legis&report=/forms/parlam/vono_r01.RDF&paramform=no&p_cod_materia_i=137999&p_cod_materia_f=137999&p_cod_sessao_votacao_i=6026&p_cod_sessao_votacao_f=6026
138734,6027,senado,"Escolha do Senhor Walter de Agra Júnior, para ser reconduzido ao cargo de Procurador-Chefe do Conselho Administrativo de Defesa Econômica - CADE, do Ministério da Justiça e Segurança Pública.",2019-10-01,1,NA,0,http://rl.senado.gov.br/reports/rwservlet?legis&report=/forms/parlam/vono_r01.RDF&paramform=no&p_cod_materia_i=138734&p_cod_materia_f=138734&p_cod_sessao_votacao_i=6027&p_cod_sessao_votacao_f=6027
137999,6028,senado,Abono salarial para empregados de baixa renda.,2019-10-01,0,NA,0,http://rl.senado.gov.br/reports/rwservlet?legis&report=/forms/parlam/vono_r01.RDF&paramform=no&p_cod_materia_i=137999&p_cod_materia_f=137999&p_cod_sessao_votacao_i=6028&p_cod_sessao_votacao_f=6028
138728,6029,senado,"Escolha da Senhora Lenisa Rodrigues Prado para exercer o cargo de Conselheira do Conselho Administrativo de Defesa Econômica - CADE, do Ministério da Justiça e Segurança Pública.",2019-10-01,1,NA,0,http://rl.senado.gov.br/reports/rwservlet?legis&report=/forms/parlam/vono_r01.RDF&paramform=no&p_cod_materia_i=138728&p_cod_materia_f=138728&p_cod_sessao_votacao_i=6029&p_cod_sessao_votacao_f=6029
138729,6030,senado,"Escolha do Senhor Alexandre Cordeiro Macedo, para ser reconduzido ao cargo de Superintendente-Geral do Conselho Administrativo de Defesa Econômica - CADE, do Ministério da Justiça e Segurança Pública.",2019-10-02,1,NA,0,http://rl.senado.gov.br/reports/rwservlet?legis&report=/forms/parlam/vono_r01.RDF&paramform=no&p_cod_materia_i=138729&p_cod_materia_f=138729&p_cod_sessao_votacao_i=6030&p_cod_sessao_votacao_f=6030
138732,6031,senado,"Escolha do Senhor Luiz Augusto Azevedo de Almeida Hoffmann para exercer o cargo de Conselheiro do Conselho Administrativo de Defesa Econômica - CADE, do Ministério da Justiça e Segurança Pública.",2019-10-02,1,NA,0,http://rl.senado.gov.br/reports/rwservlet?legis&report=/forms/parlam/vono_r01.RDF&paramform=no&p_cod_materia_i=138732&p_cod_materia_f=138732&p_cod_sessao_votacao_i=6031&p_cod_sessao_votacao_f=6031
137999,6032,senado,Idade mínima para mulheres.,2019-10-02,0,NA,0,http://rl.senado.gov.br/reports/rwservlet?legis&report=/forms/parlam/vono_r01.RDF&paramform=no&p_cod_materia_i=137999&p_cod_materia_f=137999&p_cod_sessao_votacao_i=6032&p_cod_sessao_votacao_f=6032
137999,6033,senado,Pensão por morte.,2019-10-02,0,NA,0,http://rl.senado.gov.br/reports/rwservlet?legis&report=/forms/parlam/vono_r01.RDF&paramform=no&p_cod_materia_i=137999&p_cod_materia_f=137999&p_cod_sessao_votacao_i=6033&p_cod_sessao_votacao_f=6033
137999,6034,senado,Idade mínima para fins de aposentadoria especial decorrente do exercício de atividade com efetiva exposição a agentes nocivos à saúde.,2019-10-02,0,NA,0,http://rl.senado.gov.br/reports/rwservlet?legis&report=/forms/parlam/vono_r01.RDF&paramform=no&p_cod_materia_i=137999&p_cod_materia_f=137999&p_cod_sessao_votacao_i=6034&p_cod_sessao_votacao_f=6034
122909,6035,senado,"Altera o Estatuto Nacional da Microempresa e da Empresa de Pequeno Porte para instituir a sociedade de garantia solidária, e dá outras providências.",2019-10-09,0,NA,0,http://rl.senado.gov.br/reports/rwservlet?legis&report=/forms/parlam/vono_r01.RDF&paramform=no&p_cod_materia_i=122909&p_cod_materia_f=122909&p_cod_sessao_votacao_i=6035&p_cod_sessao_votacao_f=6035
137305,6036,senado,Prorroga o prazo de vigência do regime especial de pagamento de precatórios previsto no art.101 do Ato das Disposições Constitucionais Transitórias e dá outras providências.,2019-10-09,0,NA,0,http://rl.senado.gov.br/reports/rwservlet?legis&report=/forms/parlam/vono_r01.RDF&paramform=no&p_cod_materia_i=137305&p_cod_materia_f=137305&p_cod_sessao_votacao_i=6036&p_cod_sessao_votacao_f=6036
138564,6037,senado,"Escolha do Senhor LUÍS ANTONIO BALDUINO CARNEIRO, Ministro de Primeira Classe da Carreira de Diplomata do Ministério das Relações Exteriores, para exercer o cargo de Embaixador do Brasil na República da Colômbia.",2019-10-09,1,NA,0,http://rl.senado.gov.br/reports/rwservlet?legis&report=/forms/parlam/vono_r01.RDF&paramform=no&p_cod_materia_i=138564&p_cod_materia_f=138564&p_cod_sessao_votacao_i=6037&p_cod_sessao_votacao_f=6037
138202,6038,senado,"Indicação do Desembargador LUIZ FERNANDO TOMASI KEPPEN, para compor o Conselho Nacional de Justiça - CNJ, em vaga destinada ao Supremo Tribunal Federal.",2019-10-09,1,NA,0,http://rl.senado.gov.br/reports/rwservlet?legis&report=/forms/parlam/vono_r01.RDF&paramform=no&p_cod_materia_i=138202&p_cod_materia_f=138202&p_cod_sessao_votacao_i=6038&p_cod_sessao_votacao_f=6038
137305,6039,senado,Prorroga o prazo de vigência do regime especial de pagamento de precatórios previsto no art.101 do Ato das Disposições Constitucionais Transitórias e dá outras providências.,2019-10-09,0,NA,0,http://rl.senado.gov.br/reports/rwservlet?legis&report=/forms/parlam/vono_r01.RDF&paramform=no&p_cod_materia_i=137305&p_cod_materia_f=137305&p_cod_sessao_votacao_i=6039&p_cod_sessao_votacao_f=6039
139277,6040,senado,"Estabelece critérios de distribuição dos valores arrecadados com os leilões dos volumes excedentes ao limite a que se refere o § 2º do art. 1º da Lei nº 12.276, de 2010, e dá outras providências.",2019-10-15,0,NA,0,http://rl.senado.gov.br/reports/rwservlet?legis&report=/forms/parlam/vono_r01.RDF&paramform=no&p_cod_materia_i=139277&p_cod_materia_f=139277&p_cod_sessao_votacao_i=6040&p_cod_sessao_votacao_f=6040
138203,6041,senado,"Indicação do Juiz de Direito MÁRIO AUGUSTO FIGUEIREDO DE LACERDA GUERREIRO, para compor o Conselho Nacional de Justiça - CNJ, em vaga destinada ao Supremo Tribunal Federal.",2019-10-15,1,NA,0,http://rl.senado.gov.br/reports/rwservlet?legis&report=/forms/parlam/vono_r01.RDF&paramform=no&p_cod_materia_i=138203&p_cod_materia_f=138203&p_cod_sessao_votacao_i=6041&p_cod_sessao_votacao_f=6041
139005,6042,senado,"Altera o art. 33 da Lei Complementar nº 87, de 1996 (Lei Kandir), para prorrogar os prazos previstos em relação à apropriação dos créditos do ICMS.",2019-10-16,0,NA,0,http://rl.senado.gov.br/reports/rwservlet?legis&report=/forms/parlam/vono_r01.RDF&paramform=no&p_cod_materia_i=139005&p_cod_materia_f=139005&p_cod_sessao_votacao_i=6042&p_cod_sessao_votacao_f=6042
138567,6043,senado,"Escolha do Senhor Mauro Luiz Iecker Vieira, Ministro de Primeira Classe do Quadro Especial da Carreira de Diplomata do Ministério das Relações Exteriores, para exercer o cargo de Embaixador do Brasil junto à República da Croácia.",2019-10-16,1,NA,0,http://rl.senado.gov.br/reports/rwservlet?legis&report=/forms/parlam/vono_r01.RDF&paramform=no&p_cod_materia_i=138567&p_cod_materia_f=138567&p_cod_sessao_votacao_i=6043&p_cod_sessao_votacao_f=6043
138849,6044,senado,"Escolha do Senhor Carlos Ricardo Martins Ceglia, Ministro de Primeira Classe da Carreira de Diplomata do Ministério das Relações Exteriores, para exercer o cargo de Embaixador do Brasil junto à República da Turquia.",2019-10-16,1,NA,0,http://rl.senado.gov.br/reports/rwservlet?legis&report=/forms/parlam/vono_r01.RDF&paramform=no&p_cod_materia_i=138849&p_cod_materia_f=138849&p_cod_sessao_votacao_i=6044&p_cod_sessao_votacao_f=6044
137999,6045,senado,Revogação dos regimes de transição atuais.,2019-10-22,0,NA,0,http://rl.senado.gov.br/reports/rwservlet?legis&report=/forms/parlam/vono_r01.RDF&paramform=no&p_cod_materia_i=137999&p_cod_materia_f=137999&p_cod_sessao_votacao_i=6045&p_cod_sessao_votacao_f=6045
137999,6046,senado,"Modifica o sistema de previdência social, estabelece regras de transição, disposições transitórias, e dá outras providências. (PEC da Previdência).",2019-10-22,0,PEC da reforma da Previdência - 2º Turno,1,http://rl.senado.gov.br/reports/rwservlet?legis&report=/forms/parlam/vono_r01.RDF&paramform=no&p_cod_materia_i=137999&p_cod_materia_f=137999&p_cod_sessao_votacao_i=6046&p_cod_sessao_votacao_f=6046
137999,6047,senado,Conversão de tempo especial em comum ao assegurado do RGPS que comprovar tempo de serviço por insalubridade.,2019-10-22,0,NA,0,http://rl.senado.gov.br/reports/rwservlet?legis&report=/forms/parlam/vono_r01.RDF&paramform=no&p_cod_materia_i=137999&p_cod_materia_f=137999&p_cod_sessao_votacao_i=6047&p_cod_sessao_votacao_f=6047
137999,6048,senado,"Aposentadoria especial para o trabalhador em atividades exercidas com efetiva exposição a agentes nocivos químicos, físicos e biológicos.",2019-10-23,0,NA,0,http://rl.senado.gov.br/reports/rwservlet?legis&report=/forms/parlam/vono_r01.RDF&paramform=no&p_cod_materia_i=137999&p_cod_materia_f=137999&p_cod_sessao_votacao_i=6048&p_cod_sessao_votacao_f=6048
139101,6049,senado,"Submete à apreciação do Senado Federal a escolha do Senhor Fábio Kanczuk, para exercer o cargo de Diretor do Banco Central do Brasil.",2019-10-29,1,NA,0,http://rl.senado.gov.br/reports/rwservlet?legis&report=/forms/parlam/vono_r01.RDF&paramform=no&p_cod_materia_i=139101&p_cod_materia_f=139101&p_cod_sessao_votacao_i=6049&p_cod_sessao_votacao_f=6049
138572,6050,senado,"Escolha do Senhor Eduardo Ricardo Gradilone Neto, Ministro de Primeira Classe do Quadro Especial da Carreira de Diplomata do Ministério das Relações Exteriores, para exercer o cargo de Embaixador do Brasil junto à República Eslovaca.",2019-10-30,1,NA,0,http://rl.senado.gov.br/reports/rwservlet?legis&report=/forms/parlam/vono_r01.RDF&paramform=no&p_cod_materia_i=138572&p_cod_materia_f=138572&p_cod_sessao_votacao_i=6050&p_cod_sessao_votacao_f=6050
118042,6051,senado,"Altera o ""caput"" do art. 5º da Constituição Federal para incluir o direito à acessibilidade e à mobilidade entre os direitos individuais e coletivos.",2019-10-30,0,NA,0,http://rl.senado.gov.br/reports/rwservlet?legis&report=/forms/parlam/vono_r01.RDF&paramform=no&p_cod_materia_i=118042&p_cod_materia_f=118042&p_cod_sessao_votacao_i=6051&p_cod_sessao_votacao_f=6051
139014,6052,senado,"Escolha do Senhor Pedro Henrique Lopes Borio, Ministro de Primeira Classe da Carreira de Diplomata do Ministério das Relações Exteriores, para exercer o cargo de Embaixador do Brasil no Canadá.",2019-11-05,1,NA,0,http://rl.senado.gov.br/reports/rwservlet?legis&report=/forms/parlam/vono_r01.RDF&paramform=no&p_cod_materia_i=139014&p_cod_materia_f=139014&p_cod_sessao_votacao_i=6052&p_cod_sessao_votacao_f=6052
136775,6053,senado,"Estabelece que a prática do feminicídio constitui crime inafiançável e imprescritível, sujeito à pena de reclusão.",2019-11-06,0,NA,0,http://rl.senado.gov.br/reports/rwservlet?legis&report=/forms/parlam/vono_r01.RDF&paramform=no&p_cod_materia_i=136775&p_cod_materia_f=136775&p_cod_sessao_votacao_i=6053&p_cod_sessao_votacao_f=6053
138555,6054,senado,"Permite que os Estados, o DF e os Municípios adotem em seus regimes próprios de previdência social as mesmas regras aplicáveis ao regime próprio da União; modifica renúncias previdenciárias; prevê benefício da Seguridade Social à criança em situação de pobreza; dá outras providências.",2019-11-06,0,NA,0,http://rl.senado.gov.br/reports/rwservlet?legis&report=/forms/parlam/vono_r01.RDF&paramform=no&p_cod_materia_i=138555&p_cod_materia_f=138555&p_cod_sessao_votacao_i=6054&p_cod_sessao_votacao_f=6054
138845,6055,senado,"Escolha do Senhor Claudio Raja Gabaglia Lins, Ministro de Primeira Classe da Carreira de Diplomata do Ministério das Relações Exteriores, para exercer o cargo de Embaixador do Brasil na Comunidade das Bahamas.",2019-11-06,1,NA,0,http://rl.senado.gov.br/reports/rwservlet?legis&report=/forms/parlam/vono_r01.RDF&paramform=no&p_cod_materia_i=138845&p_cod_materia_f=138845&p_cod_sessao_votacao_i=6055&p_cod_sessao_votacao_f=6055
136775,6056,senado,"Estabelece que a prática do feminicídio constitui crime inafiançável e imprescritível, sujeito à pena de reclusão.",2019-11-06,0,NA,0,http://rl.senado.gov.br/reports/rwservlet?legis&report=/forms/parlam/vono_r01.RDF&paramform=no&p_cod_materia_i=136775&p_cod_materia_f=136775&p_cod_sessao_votacao_i=6056&p_cod_sessao_votacao_f=6056
138846,6057,senado,"Escolha do Senhor Sergio Luiz Canaes, Ministro de Primeira Classe do Quadro Especial da Carreira de Diplomata do MRE, para exercer o cargo de Embaixador do Brasil junto à República Democrática Socialista do Sri Lanka e, cumulativamente, à República das Maldivas.",2019-11-12,1,NA,0,http://rl.senado.gov.br/reports/rwservlet?legis&report=/forms/parlam/vono_r01.RDF&paramform=no&p_cod_materia_i=138846&p_cod_materia_f=138846&p_cod_sessao_votacao_i=6057&p_cod_sessao_votacao_f=6057
138565,6058,senado,"Escolha do Senhor Eduardo Augusto Ibiapina de Seixas, Ministro de Primeira Classe do Quadro Especial da Carreira de Diplomata do Ministério das Relações Exteriores, para exercer o cargo de Embaixador do Brasil junto à República de Chipre.",2019-11-12,1,NA,0,http://rl.senado.gov.br/reports/rwservlet?legis&report=/forms/parlam/vono_r01.RDF&paramform=no&p_cod_materia_i=138565&p_cod_materia_f=138565&p_cod_sessao_votacao_i=6058&p_cod_sessao_votacao_f=6058
138555,6059,senado,"Modifica o texto do art. 12 da PEC 133/2019 (assegura que o benefício, no caso de aposentadoria por incapacidade permanente, será de 100% da média aritmética das contribuições).",2019-11-19,0,NA,0,http://rl.senado.gov.br/reports/rwservlet?legis&report=/forms/parlam/vono_r01.RDF&paramform=no&p_cod_materia_i=138555&p_cod_materia_f=138555&p_cod_sessao_votacao_i=6059&p_cod_sessao_votacao_f=6059
138555,6060,senado,"Acrescenta à PEC 133/2019 a revogação das alíneas ""a"", ""b"" e ""c"" do art. 19 e art. 21, da Emenda Constitucional resultante da PEC 6/2019, já aprovada (idade mínima para fins de aposentadoria especial decorrente do exercício de atividade com efetiva exposição a agentes nocivos à saúde)",2019-11-19,0,NA,0,http://rl.senado.gov.br/reports/rwservlet?legis&report=/forms/parlam/vono_r01.RDF&paramform=no&p_cod_materia_i=138555&p_cod_materia_f=138555&p_cod_sessao_votacao_i=6060&p_cod_sessao_votacao_f=6060
138555,6061,senado,Cálculo da aposentadoria como média dos 80% maiores salários de contribuição.,2019-11-19,0,NA,0,http://rl.senado.gov.br/reports/rwservlet?legis&report=/forms/parlam/vono_r01.RDF&paramform=no&p_cod_materia_i=138555&p_cod_materia_f=138555&p_cod_sessao_votacao_i=6061&p_cod_sessao_votacao_f=6061
138555,6062,senado,"Permite que os Estados, o DF e os Municípios adotem em seus regimes próprios de previdência social as mesmas regras aplicáveis ao regime próprio da União; modifica renúncias previdenciárias; prevê benefício da Seguridade Social à criança em situação de pobreza; dá outras providências.",2019-11-19,0,NA,0,http://rl.senado.gov.br/reports/rwservlet?legis&report=/forms/parlam/vono_r01.RDF&paramform=no&p_cod_materia_i=138555&p_cod_materia_f=138555&p_cod_sessao_votacao_i=6062&p_cod_sessao_votacao_f=6062
137315,6063,senado,"Permite a prorrogação, por até 15 anos, das isenções, dos incentivos e dos benefícios fiscais ou financeiro-fiscais vinculados ao ICMS e destinados a templos de qualquer culto e a entidades beneficentes de assistência social.",2019-12-04,0,NA,0,http://rl.senado.gov.br/reports/rwservlet?legis&report=/forms/parlam/vono_r01.RDF&paramform=no&p_cod_materia_i=137315&p_cod_materia_f=137315&p_cod_sessao_votacao_i=6063&p_cod_sessao_votacao_f=6063
138848,6064,senado,"Escolha do Senhor Rubem Antonio Correa Barbosa, Ministro de Primeira Classe do Quadro Especial da Carreira de Diplomata do MRE, para exercer o cargo de Embaixador do Brasil junto à República do Cazaquistão e, cumulativamente, junto à República Quirguiz e ao Turcomenistão.",2019-12-11,1,NA,0,http://rl.senado.gov.br/reports/rwservlet?legis&report=/forms/parlam/vono_r01.RDF&paramform=no&p_cod_materia_i=138848&p_cod_materia_f=138848&p_cod_sessao_votacao_i=6064&p_cod_sessao_votacao_f=6064
136532,6065,senado,"Indicação do Senhor Marcelo Weitzel Rabello de Souza para compor o Conselho Nacional do Ministério Público no biênio 2019/2021, em vaga destinada à representação do Ministério Público Militar.",2019-12-11,1,NA,0,http://rl.senado.gov.br/reports/rwservlet?legis&report=/forms/parlam/vono_r01.RDF&paramform=no&p_cod_materia_i=136532&p_cod_materia_f=136532&p_cod_sessao_votacao_i=6065&p_cod_sessao_votacao_f=6065
139098,6066,senado,"Submete à apreciação do Senado Federal o nome da Juíza do Trabalho Flávia Moreira Guimarães Pessoa, para compor o Conselho Nacional de Justiça - CNJ.",2019-12-11,1,NA,0,http://rl.senado.gov.br/reports/rwservlet?legis&report=/forms/parlam/vono_r01.RDF&paramform=no&p_cod_materia_i=139098&p_cod_materia_f=139098&p_cod_sessao_votacao_i=6066&p_cod_sessao_votacao_f=6066
139097,6067,senado,"Submete à apreciação do Senado Federal o nome da Desembargadora Tânia Regina Silva Reckziegel, para compor o Conselho Nacional de Justiça - CNJ.",2019-12-11,1,NA,0,http://rl.senado.gov.br/reports/rwservlet?legis&report=/forms/parlam/vono_r01.RDF&paramform=no&p_cod_materia_i=139097&p_cod_materia_f=139097&p_cod_sessao_votacao_i=6067&p_cod_sessao_votacao_f=6067
138566,6068,senado,"Escolha do Senhor JOSÉ AMIR DA COSTA DORNELLES, Ministro de Segunda Classe do Quadro Especial da Carreira de Diplomata do Ministério das Relações Exteriores, para exercer o cargo de Embaixador do Brasil junto à República da Indonésia.",2019-12-11,1,NA,0,http://rl.senado.gov.br/reports/rwservlet?legis&report=/forms/parlam/vono_r01.RDF&paramform=no&p_cod_materia_i=138566&p_cod_materia_f=138566&p_cod_sessao_votacao_i=6068&p_cod_sessao_votacao_f=6068
138847,6069,senado,"Escolha da Senhora Vera Lucia dos Santos Caminha Campetti, Ministra de Segunda Classe do Quadro Especial da Carreira de Diplomata do Ministério das Relações Exteriores, para exercer o cargo de Embaixadora do Brasil junto a Barbados.",2019-12-11,1,NA,0,http://rl.senado.gov.br/reports/rwservlet?legis&report=/forms/parlam/vono_r01.RDF&paramform=no&p_cod_materia_i=138847&p_cod_materia_f=138847&p_cod_sessao_votacao_i=6069&p_cod_sessao_votacao_f=6069
139544,6070,senado,"Escolha do Senhor Marcelo Baumbach, Ministro de Primeira Classe da Carreira de Diplomata do Ministério das Relações Exteriores, para exercer o cargo de Embaixador do Brasil na República do Haiti.",2019-12-11,1,NA,0,http://rl.senado.gov.br/reports/rwservlet?legis&report=/forms/parlam/vono_r01.RDF&paramform=no&p_cod_materia_i=139544&p_cod_materia_f=139544&p_cod_sessao_votacao_i=6070&p_cod_sessao_votacao_f=6070
139897,6071,senado,"Acrescenta o art. 166-A na Constituição Federal, para autorizar a transferência de recursos federais a Estados, ao Distrito Federal e a Municípios mediante emendas ao projeto de lei orçamentária anual.",2019-12-11,0,NA,0,http://rl.senado.gov.br/reports/rwservlet?legis&report=/forms/parlam/vono_r01.RDF&paramform=no&p_cod_materia_i=139897&p_cod_materia_f=139897&p_cod_sessao_votacao_i=6071&p_cod_sessao_votacao_f=6071
139897,6072,senado,"Acrescenta o art. 166-A na Constituição Federal, para autorizar a transferência de recursos federais a Estados, ao Distrito Federal e a Municípios mediante emendas ao projeto de lei orçamentária anual.",2019-12-11,0,NA,0,http://rl.senado.gov.br/reports/rwservlet?legis&report=/forms/parlam/vono_r01.RDF&paramform=no&p_cod_materia_i=139897&p_cod_materia_f=139897&p_cod_sessao_votacao_i=6072&p_cod_sessao_votacao_f=6072
137122,6073,senado,"Altera dispositivo da Lei Complementar nº 123, de 2006, que ""Institui o Estatuto Nacional da Microempresa e da Empresa de Pequeno Porte"" (amplia a representação das Microempresas no Comitê Gestor do Simples Nacional).",2019-12-11,0,NA,0,http://rl.senado.gov.br/reports/rwservlet?legis&report=/forms/parlam/vono_r01.RDF&paramform=no&p_cod_materia_i=137122&p_cod_materia_f=137122&p_cod_sessao_votacao_i=6073&p_cod_sessao_votacao_f=6073
124513,6075,senado,Estende a estabilidade provisória no emprego para as empregadas adotantes ou que venham a obter a guarda judicial para fins de adoção.,2020-02-11,0,NA,0,http://rl.senado.gov.br/reports/rwservlet?legis&report=/forms/parlam/vono_r01.RDF&paramform=no&p_cod_materia_i=124513&p_cod_materia_f=124513&p_cod_sessao_votacao_i=6075&p_cod_sessao_votacao_f=6075
